Город;"Код пункта Выдачи заказа";Адрес;Телефон;Время работы;Индекс;Ограничение по весу 
Абакан;ABK1;г. Абакан, ул. Чертыгашева, д.126, оф. 13;Тел.: +7 (3902) 32-03-24, +7 (953)-259-03-24;"Пн-Пт ? 10.00-19.0 Сб ? 10.00-16.0 Вс - выходной день";655001 
Азов;AZV1;Ростовская область, г. Азов, ул. Измайлова, д.55;Тел.: +7 (909) 428-89-00;"Пн-Пт ? 10.00-19.0 Сб ? 10.00-16.0 Вс - выходной день";346782 
Аксай;AKS1;Ростовская область, г. Аксай, ул. Садовая, д. 31, вход со двора;Тел. +7 (8632) 41-99-04, +7 (900) 129-23-19;"Пн-Пт ? 10.00-19.0 Сб ? 10.00-16.00 Вс - выходной день";346720 
Александров;ALV1;Владимирская область, г. Александров, ул. Красной молодежи, д.5;Тел.: +7 (915) 751-13-43;"Пн-Пт ? 10.00-19.0 Сб ? 10.00-16.00 Вс - выходной день";601650 
Алушта;ALSH1;Крым респ., г. Алушта, ул. Таврическая, д.4А;"Тел.: +7 (978) 047-47-37; +7 (978) 941-94-31";"Пн-Пт ? 10.00-19.0 Сб ? 10.00-16.00 Вс - выходной день";298510 
Альметьевск;ALT1;Татарстан респ., г. Альметьевск, ул. Чехова, д.19;Тел.: +7 (8553) 35-22-25;"Пн-Пт ? 9.00 ? 19.00 Сб ? 10.00-16.0 Вс ? выходной";423450 
Анапа;ANP1;Краснодарский край, г. Анапа, ул. Крымская, д.218, оф.19;Тел.: +7 (989) 233-25-25;"Пн - Пт ? 10.00-19.0 Сб ? 10.00-16.00";353440 
Ангарск;ANG2;Иркутская область, г. Ангарск ул. 89-й квартал, д. 1;Тел.: +7 (395) 558-69-99, + 7 (964) 128-42-21;"Пн-Пт ? 09.00 - 19.00 Сб ? 10.00-16.0 Вс ? выходной";665813 
Апрелевка;APR1;Московская обл., г. Апрелевка, ул. Парковая, д.3;Тел: +7 (916) 650-60-05, +7 (495) 928-30-13;"Пн-Пт ? 10.00-20.0 Сб ? 10.00-17.00 Вс ? выходной день";143360 
Арзамас;ARS1 ;Нижегородская область, г. Арзамас, ул. Парковая, д.1Г, оф.(Цокольный этаж);Тел.: +7 (930)-288-58-81;"Пн-Пт ? 10.00-19.0 Сб ? 10.00-16.0 Вс - выходной день";607230 
Армавир;ARM1;Краснодарский край, г.Армавир ул.Советской Армии, д.97, оф.27;Тел: +7 (86137) 5-01-35, +7 (928) 240-73-98;"Пн-Пт ? 10.00-19.0 Сб ? 10.00-16.00 Вс ? выходной день";352932 
Артем;VLK1;Приморский край, .г. Артем, ул. Ключевая, д.1/1,оф.1;Тел. +7 (914) 324-89-48, +7 (423-37) 3-11-24 ;"Пн-Пт ? 9.00-19.0 Сб ? 10.00-16.00 Вс ? выходной день";692760 
Архангельск;ARX4; г. Архангельск , ул.Свободы, д.53;Тел.: +7 (8182) 20-20-00, +7-960-016-02-97;"Пн-Пт ? 10.00-19.0 Сб ? 10.00-16.00 Вс ? выходной день";163000 
Асбест;ASB1;Свердловская обл., г. Асбест ул. ул. Ленинградская, д.35;Тел.: + 7 (343) 656-71-02, +7(343) 656- 71-07;"Пн-Пт ? 10.00 - 19.00 Сб ? 10.00-16.0 Вс ? выходной";624260 
Астрахань;AST9;г. Астрахань, ул. Селенского, д.13, оф. 103;Тел.: +7 (8512) 20-04-99;"Пн-Пт ?10.00 ? 20.00 Сб ? 10.00-16.0 Вс ? 10:00-14:00";414056 
Астрахань;AST7;г. Астрахань, ул. Кирова, 84 ;Тел.: +7 (8512) 266-992, +7-988-171-88-14;"Пн-Пт ? 8.30-20.0 Сб ? 10.00-16.00 Вс ? 10:00-14:00";414024 
Ачинск;ACHN3;Красноярский край, г. Ачинск, ул. Калинина, д. 6, пом. 32;Тел.: +7 (39151) 5-71-86, +7-913-186-71-86  ;"Пн-Пт ? 10.00 - 19.00 Сб ? 10.00-16.0 Вс ? выходной";662153 
Балаково ;BLK2;Саратовская область, г.Балаково, Проспект Героев, д. 41, офис 321 ;Тел.: +7 (8453) 39-10-77;"Пн-Пт ? 9.00-19.0 Сб ? 10.00-16.00 Вс - выходной день";413864;До 30 кг 
Балахна;BLX1;Нижегородская область, г. Балахна, ул. Дзержинского, д.1;Тел.: +7 (831) 283 5990, +7 (930) 283 5990;"Пн-Пт ? 10.00-19.0 Сб - 10.00-16.00 Вс ? выходной день";606400 
Балашиха;BLSH1;Московская область, г. Балашиха, ул. Советская, д.56;Тел.: +7 (495) 665-80-50, +7 (925) 004-67-77;"Пн-Пт ? 10.00-19.0 Сб - 10.00-16.00 Вс ? выходной день";143902 
Барнаул;BRN3;г. Барнаул, ул. Балтийская, д.50;Тел. +7 (385) 276-00-66;"Пн-Пт ? 9.00-20.00 Сб ? 10.00-16.0 Вс ? 10.00-14.00";656058 
Барнаул;BRN5;г.Барнаул, пр-т Строителей, д.29 ;Тел. +7 (3852) 22-31-90 ;"Пн-Пт ? 9.00-20.00 Сб ? 10.00-16.0 Вс ? 10.00-14.00";656039 
Барнаул;BRN2;г. Барнаул, ул. Малахова, д.83;Тел. +7 (923) 654-00-23;"Пн-Пт ? 9.00-20.00 Сб ? 10.00-16.0 Вс ? 10.00-14.00";656039;До 15 кг 
Барнаул;BRN4;г. Барнаул, ул. Малахова, д. 179;Тел. +7(385) 222-31-90, +7(385) 260-52-81;"Пн-Пт ? 8.00-20.00 Сб ? 10.00-18.0 Вс ? 10.00-16.00";656006 
Барнаул ;BRN6;г. Барнаул, пр-т Ленина, д. 150;Тел. + 7(385) 255-50-40;"Пн-Пт ? 9.00-20.00 Сб ? 9.00-16.0 Вс ? 9.00-14.00";656037 
Батайск;BTS1;Ростовская область, г. Батайск, ул. Куйбышева, д.140А;Тел.: +7 (863) 209-87-45, +7 (800) 350-04-05;"Пн-Пт ? 9.00-19.00 Сб ? 10.00-16.0 Вс - выходной день";346892 
Бахчисарай;BKHS1;Республика Крым г. Бахчисарай, ул. Фрунзе, д. 28 ;Тел.: + 7 (978) 133-93-55;"Пн-Пт ? 10.00-19.00 Сб ? 10.00-16.0 Вс - выходной день";298400 
Белгород;BLD6;г.Белгород, ул.Харьковская, д.34, корп.1;Тел.: +7 (4722) 218-370, + 7-920-580-34-34;"Пн-Пт ? 8.00-21.00 Сб ? Вс  10.00-16.0 ";308033 
Белгород;BLD8;г. Белгород, ул. Губкина, д.38А;Тел.: +7 (915) 563-25-44;"Пн-Пт ? 9.00-20.00 Сб-Вс ? 10.00-16.00";308000;До 30 кг 
Белово;BLO1;Кемеровская обл., г. Белово, пер. Почтовый, д.8;Тел.: +7 (900) 107-71-60, +7 (904) 575-50-68;"Пн-Пт ? 10.00-19.00 Сб ? 10.00-16.0 Вс - выходной день";652600 
Бердск;BRD1;Новосибирская область, г. Бердск, ул. Вокзальная, д.26, оф.209;Тел.: +7 (383) 38-082-38, +7 (38341) 61-308 ;"Пн-Пт ? 10.00-19.00 Сб ? 10.00-16.0 Вс - выходной день";633010 
Березники;BRZ2;Пермский край, г.Березники, ул. Пятилетки, д.50;Тел.: +7 (3424) 20-10-28 ;"Пн-Пт - 9.00-19.00 Сб ? 10.00-16.0 Вс - выходной день";618417 
Бийск;BSK2 ;Алтайский край, г. Бийск, ул. Советская, д. 27/3, оф. 3  ;Тел.: +7 (3854) 35-68-41 ;"Пн-Пт ? 9:00-19:00 Сб ? 10:00-16:0 Вс ? выходной день";659300 
Биробиджан;BRZH2 ;г. Биробиджан, ул. Пионерская, д.66, литер Б;Тел.: +7 (42622) 7-00-10, +7 (42622) 7-00-20;"Пн-Пт ? 10:00-19:00 Сб ? 10:00-16:0 Вс ? выходной день";679016 
Благовещенск;BLG2;г.Благовещенск, ул. Тенистая, д.101А;Тел.: +7 (4162) 779-445, 387-445 ;"Пн-Пт ? 9.00-19.00 Сб ? 10.00-16.0 Вс ? выходной день";675000 
Борзя;BOR2;Забайкальский край, г. Борзя, ул. Савватеевская, д.132;Тел.:  +7 (914) 472-18-52;"Пн-Пт ? 10.00-19.00 Сб ? 10.00-16.0 Вс ? выходной день";674600 
Борисоглебск;BRG1;Воронежская обл., г. Борисоглебск, ул. Юбилейная, д.16, оф.12;Тел.: +7 (473-54) 6-49-39;"Пн-Пт ? 10.00-19.00 Сб ? 10.00-16.0 Вс - выходной день";397160 
Боровичи;BRV2;Новгородская область, г. Боровичи, ул. Подбельского, д.27, цокольный этаж;Тел.: +7 81664 44771, +7 (911) 622-17-26;"Пн-Пт ? 10.00-19.00 Сб ? 10.00-16.0 Вс ? выходной день";174411 
Братск;BRK3;Иркутская область, г. Братск, ул. Комсомольская, д.16, оф.12;"Тел.:  +7 (3953) 38-42-41; +7 (3953) 38-42- 38 ";"Пн-Пт ? 10:00-19:00 Сб ? 10:00-16:0 Вс ? выходной день";665717 
Брянск;BRK5;г. Брянск, ул. Бурова, д.14;Тел.: +7 (4832) 590-452, +7 (4832) 72-09-50 ;"Пн-Пт ? 10.00-19.00 Сб ? 10.00-16.0 Вс ? выходной день";241035 
Брянск;BRK6;г. Брянск, ул. 3 Интернационала, д.4;Тел.: +7 (483) 242-20-20, +7 (900) 355-15-55;"Пн-Вс ? 09.00-19.00 Сб ? 9.00-19.0 Вс ? выходной день";241035 
Брянск;BRK4;г. Брянск,ул. Дуки, д.65;Тел. +7 (4832) 30-40-10 ;"Пн-Пт ? 9.00-19.00 Сб ? 10.00-16.0 Вс ? выходной день";241007 
Бугульма;BUG1;Республика Татарстан, г. Бугульма, ул. Мусы Джалиля, д. 52;Тел.: 8-900-323-56-33;"Пн-Пт ? 10.00-19.00 Сб ? 10.00-16.0 Вс ? выходной день";423230 
Великие Луки;VLL1;Псковская область, г. Великие Луки, ул. Ботвина, д. 19, оф. 2;Тел: +7-906-222-99-30;"Пн-Пт ? 10.00-19.00 Сб-10:00 ? 16:00";182104;До 300 кг 
Великий Новгород;VNG1;г. Великий Новгород, ул. Б.Санкт-Петербуржская, д. 39, стр. 11;Тел: +7 (951) 728-70-02;"Пн-Пт ? 10.00-19.00 Сб ? 10.00-16.0 , Вс ? выходные дни";173003 
Великий Новгород;VNG2;г. Великий Новгород, ул. Великая, д. 6, корп.  1;Тел. +7 (8162) 780-160;"Пн-Пт ? 10.00-19.00 Сб ? 10.00-16.0  Вс - выходной день";173003 
Видное;VDN1;Московская область, г. Видное, ул. Донбасская д. 2, оф.3;Тел.: +7 (916) 070-56-58;"Пн-Пт ? 10.00-19.00 Сб ? 10.00-16.0  Вс - выходной день";142703 
Витебск;VIT1;г. Витебск, Зеньковой, д.1, оф.1А;Тел.: +3 (7521) 262-22-24;"Пн-Пт 10.00-19.00 Сб 10.00-14.0 Вс ? выходной день";210024 
Владивосток;VLK8;г.Владивосток, пр-т Красного Знамени, д.34;Тел. +7 (962) 338-58-80;"Пн-Пт ? 10.00-20.0 Сб ? 10.00-16.0 Вс ? 10.00-14.00";690106 
Владивосток;VLK4;г. Владивосток, ул. Западная, д. 29, стр.8;Тел.: +7 (423) 272-83-58;"Пн-Пт ? 10.00-20.0 Сб ? 10.00-16.0 Вс ? 10.00-14.00";690091 
Владивосток;VLK5;г. Владивосток, ул. Жигура, д.12;Тел.: +7 (423) 201-44-10;"Пн-Пт ? 10.00-20.0 Сб ? 10.00-16.0 Вс ? 10.00-14.00";690088;До 100 кг 
Владивосток;VLK6;г. Владивосток, ул. Снеговая, д.13;"Тел.: +7 (423) 250-20-15; +7 (423) 250-20-16";"Пн-Пт ? 9.00-20.0 Сб-Вс ? 10.00-16.00";690074 
Владивосток;VLK2 ;г. Владивосток, ул.Давыдова, д.22а ;Тел: +7 (4232) 24-38-54;"Пн-Пт ? 9.00-20.0 Сб ? 10.00-16.0 Вс-10.00-16.00";690069 
Владивосток;VLK7;г. Владивосток,  ул. Героев Тихоокеанцев, д.5а;Тел.: +7 (914) 697-51-54;"Пн-Пт ? 10.00-20.0 Сб ? 10.00-16.0 Вс-10.00-14.00";690017 
Владивосток;VLK3;г. Владивосток, ул.Пушкинская, д.52 ;Тел.: +7 423 256 18 64, +7 423 259 09 00, +7 423 275 53 58;"Пн-Пт ? 9.00-20.0 Сб-Вс ? 09.00-18.00";690001 
Владикавказ;VLZ1 ;г. Владикавказ, пр. Коста, д.213;Тел.: +7 (919) 426-28-78;"Пн-Пт - 9.00-18.00 Сб ? 10.00-16.0 Вс ? выходной день";362020 
Владимир;VLD3;г. Владимир, ул. Тракторная, д.35;Тел.: +7 (4922) 778-664;"Пн-Пт ? 10.00-19.0 Сб ? 10.00-16.0 Вс-выходной день";600026 
Владимир;VLD2;г. Владимир, Октябрьский пр-кт, д.7, оф.72;Тел: +7(4922) 377-003 ;"Пн-Пт 10.00-19.00 Сб 10.00-16.0 Вс ? выходной день";600000 
Волгоград;VLG5;г. Волгоград, ул. 8-й воздушной армии, д.28А, ТЦ Диамант 1 эт;Тел.: +7(8442) 26-95-25, +7 (937) 536-96-26;"Пн-Пт ? 10.00-20.00 Сб ? 10.00-16.0 Вс ? 10.00-14.00";400137 
Волгоград;VLG9;г.Волгоград, ул. Рабоче-Крестьянская,  д.44/1;Тел.: +7 (8442) 55-15-00,+7 (8442) 55-15-01, +7 (8442) 55-15-0;"Пн-Пт ? 8.00-20.0 Сб ? 10.00-18.0 Вс ? 10.00-14.00";400074 
Волгоград;VLG10;г.Волгоград, ул. Мира,  д.18;Тел.: +7-442-260-466;"Пн-Пт ? 10.00-20.0 Сб ? 10.00-16.0 Вс ? 10.00-14.00";400066 
Волгоград;VLG8;г.Волгоград, б-р Энгельса, д. 29;Тел.: +7(8442) 609-005, +7(8442) 609-007;"Пн-Пт ? 10.00-20.00 Сб ? 10.00-16.0 Вс ? 10.00-14.00";400026 
Волгодонск;VLG7;г. Волгодонск, ул. М. Кошевого, д.38-Г;Тел.:+7 (863) 209-87-45, +7 (800) 350-04-05;"Пн-Пт ? 9.00-19.00 Сб ? 10.00-16.0 Вс - выходной день";347383 
Волжск;VZHS1;Марий Эл, г. Волжск, Матющенко, д.30Б;Тел.: +7 362 374 374, +7 987 710 2888;"Пн-Пт ? 10.00-19.00 Сб-Вс ? 10.00-16.00";425000 
Волжский;VLZH1;Волгоградская область. г. Волжский, пр. Ленина д. 92Б;Тел.: +7 (8443) 39-11-22, +7 (905) 336-11-22  ;"Пн-Пт - 9.00-19.00 Сб ? 10.00-16.0 Вс - выходной день";404120 
Вологда;VGL4;г. Вологда, ул. Костромская , д.5, цокольный этаж;Тел.: 7-964-303-56-14;"Пн-Пт - 10.00-19.00 Сб ? 10.00-16.0 Вс - выходной день";160034 
Вологда;VGL3;г. Вологда, ул. Предтеченская, д.72, 1 этаж;Тел.: +7 800 777 07 46;"Пн-Пт - 10.00-19.00 Сб ? 10.00-16.0 Вс - выходной день";160009 
Волоколамск;VLM2;Московская область, г. Волоколамск, ул. Панфилова, д. 5, оф. 27, этаж 1;Тел.:+7-499-130-08-85;"Пн-Пт ? 10.00-19.00 Сб ? 10.00-16.0 Вс - выходной день";143600 
Волхов;VLKH1;Ленинградская область, г. Волхов, ул. Волгоградская д. 15;Тел.: +7-962-686-78-61;"Пн-Пт ? 9.00-19.00 Сб ? 10.00-16.0 Вс - выходной день";187406 
Воронеж;VRN4;Воронеж, ул. Генерала Лизюкова, 17А, ТЦ ?Калинка?;Тел. +7 (473) 300-41-28;"Пн-Пт ? 10.00-20.00 Сб ? 10.00-16.0 Вс ? 10.00-14.00";394053;До 60 кг 
Воронеж;VRN5;Воронеж, ул. Остужева, д. 28;Тел. +7-473-228-68-45;"Пн-Пт ? 10.00-20.00 Сб ? 10.00-16.0 Вс ? 10.00-14.00";394042 
Воронеж;VRN1;г. Воронеж, Проспект Труда, д.46/1;Тел.: +7 (473) 233-45-10;"Пн-Пт ? 8.00-20.00 Сб ? 10.00-18.0 Вс ? 10.00-14.00";394026 
Воронеж;VRN3;г. Воронеж, ул. Ленинградская, д.55а;Тел.: +7 (473) 241-03-02;"Пн-Пт ? 10.00-20.00 Сб ? 10.00-16.0 Вс ? 10.00-14.00";394022;До 30 кг 
Воронеж;VRN7;г. Воронеж, ул. Пушкинская, д 42;Тел.: +7-473-207-17-37, +7-473-229-95-05;"Пн-Пт ? 10.00-20.00 Сб ? 10.00-16.0 Вс ? 10.00-14.00";394018 
Воронеж;VRN6;г. Воронеж, ул. Ворошилова, д 49а;Тел. + 7-473-300-40-83;"Пн-Пт ? 10.00-20.00 Сб ? 10.00-16.0 Вс ? 10.00-14.00";394000 
Воскресенск;VKS1;Московская обл., г. Воскресенск, ул. Советская, д.2;Тел.: +7 (495) 133-65-34;"Пн-Пт ? 8.00-20.0 Сб ? 10.00-16.0 Вс-выходной день";140203 
Воткинск;VTK1; Удмуртская Республика, г. Воткинск, Робеспьера, д.17;Тел.: +7 950 814 06 08;"Пн-Пт ? 10.00-19.00 Сб ? 10.00-16.0 Вс - выходной день";427440 
Выборг;VBR1;Ленинградская область,г. Выборг, Ленинградское шоссе, д.47;"Тел.: +7 (812) 984-45-54; +7 (962) 684-45-54";"Пн-Пт ? 9.00-19.00 Сб ? 10.00-16.0 Вс ? выходной";188800 
Вязники;VZN1;Вязники, ул. Ленина, 20;Тел.: +7 (49233) 3-12-00, +7 (930) 033-12-00;"Пн-Пт ? 10.00-19.00 Сб ? 10.00-16.0 Вс - выходной день";601441 
Вязьма;VZM1;Вязьма, Комсомольская, д.17;Тел.: +7 (920) 300-95-80;"Пн-Пт ? 10.00-19.00 Сб ? 10.00-16.0 Вс - выходной день";215110 
Гатчина;GTN1;Ленинградская область, г.Гатчина, пр. 25-го Октября, д.10   ;Тел: (81371) 99527;"Пн-Пт - 10.00-19.00 Сб ? 10.00-16.0 Вс - выходной день";188300 
Геленджик;GLD2;Краснодарский край, г.Геленджик, ул. Прасковеевская, д.3;Тел.: +7 (988) 605-04-05;"Пн-Пт ? 10.00-19.00 Сб ? 10.00-16.0 Вс ? выходной";353460 
Геленджик;GLD3;Краснодарский край, г.Геленджик, ул. Маршала Жукова, д ?;Тел.: +7-861-238-87-47;"Пн-Пт ? 10.00-19.00 Сб ? 10.00-16.0 Вс ? выходной";353460 
Георгиевск;GRG1;Ставропольский край, г. Георгиевск, ул. Пушкина, д.48, оф.1;"Тел.: +7 (7951) 5-07-55;  8-938-352-82-33";"Пн-Пт ? 10.00-19.00 Сб ? 10.00-16.0 Вс - выходной день";357820 
Глазов;GLV1;Удмуртия респ., г. Глазов, ул.Пряженников, д.67;Тел.:+7 (912) 444-73-44 , +7 (952) 400-90-70;"Пн-Пт ? 10.00-19.00 Сб ? 10.00-16.0 Вс - выходной день";427620 
Глазов;GLV2;Удмуртия респ, г. Глазов, ул. Молодой Гвардии, д 5-А;Тел. +7 (912) 443-72-05;"Пн-Пт ? 10.00-19.00 Сб ? 10.00-16.0 Вс - выходной день";427620 
Горно-Алтайск;GOR1;г. Горно-Алтайск , ул. Григория Чорос-Гуркина, д. 45;Тел. : +7 (38822) 2-32-40, +7 (38822) 9-40-60, +7-913-999-40-60;"Пн-Пт ? 9.00-19.00 Сб ? 10.00-16.0 Вс - выходной день";649000 
Гороховец;GOR2;Владимирская область, г.Гороховец, Ленина, д.29;Тел.: +7 (920) 921-48-86;"Пн-Пт ? 10.00-19.00 Сб ? 10.00-16.0 Вс - выходной день";601480 
Грозный;GRZ3;г. Грозный, ул. Маяковкого, д.170, оф.1 этаж;Тел.: +7 (8712) 333-555;"Пн-Пт ? 10.00-19.00 Сб ? 10.00-16.0 Вс - выходной день";364014 
Губкин;GBK1;Белгородская обл., г. Губкин, ул. Кирова, д. 45;Тел.: +7 (4722) 40-87-38;"Пн-Пт ? 10.00-19.00 Сб ? 10.00-16.0 Вс ? выходной";309181 
Джанкой;DNK1;Республика Крым, г.Джанкой, ул. Крымская, д.30в, оф.4;Тел.: +7 (978)123-18-23;"Пн-Пт ? 10.00-19.00 Сб ? 10.00-16.0 Вс - выходной день";296100 
Дзержинск;DZZH1;Нижегородская область, г. Дзержинск, ул. Терешковой, д. 8 ;Тел.: +7 (831) 283-54-23, +7 930 283-54-23;"Пн-Пт ? 8.00-20.00 Сб ? 10.00-16.0 Вс - выходной день";606008 
Димитровград;DMG2;Ульяновская область, г. Димитровград, ул. Октябрьская, д.71;Тел.: +7 (84235) 9-57-67, +7 (84235) 9-11-44;"Пн-Пт ? 10.00-19.00 Сб ? 10.00-16.0 Вс - выходной день";433505 
Дмитров;DMT2;Московская область, г.Дмитров, ул. Московская, д.3;Тел.: +7 (496) 221 96 70;"Пн-Пт ? 10.00-19.00 Сб ? 10.00-16.0 Вс - выходной день";141800 
Долгопрудный;DLP1 ;Московская область, г. Долгопрудный,  ул. Циолковского, д.34;Тел.: +7 (499) 391-18-99, +7 (495) 408-16-76;"Пн-Пт ? 10.00-19.00 Сб ? 10.00-16.0 Вс - выходной день";141701 
Домодедово;DMD1;Московская обл., г. Домодедово, ул. Кирова, д.7, оф.1;Тел.: +7 (499) 391-75-83;"Пн-Пт ? 10.00-19.00 Сб ? 10.00-16.0 Вс - выходной день";142005 
Дубна;DBN1;Московская область, г. Дубна, пр. Боголюбова, д. 16А ;Тел.+7 (985) 305-05-71, +7 (496) 219-48-04, +7 (496) 219-48-05;"Пн-Пт - 9.00-20.00 Сб ? 10.00-16.0 Вс - выходной день";141986 
Евпатория;EVP1;Крым респ., г.Евпатория, ул. Крупской, д. 60А;Тел. +7-978-065-99-64;"Пн-Пт ? 10.00-19.00 Сб ? 10.00-16.0 Вс - выходной день";297406 
Ейск;YES1;Краснодарский край, г. Ейск, ул. К.Маркса, д 39;Тел.: +7-861-205-62-75;"Пн-Пт ? 10.00-19.00 Сб ? 10.00-16.0 Вс - выходной день";353690 
Екатеринбург;EKB7;г. Екатеринбург, ул. Степана Разина, д.80;Тел.: +7 (343) 200-08-44;"Пн-Вс ? 9.00-20.00 ";620142;До 30 кг 
Екатеринбург;EKB5;г. Екатеринбург, ул. Белинского, д.232;Тел. +7 (343)379-44-22, (912)-245-0-245;"Пн-Пт ? 10.00-20.00 Сб ? 10.00-16.0 Вс ? 10.00-14.00";620130;До 30 кг 
Екатеринбург;YEKB2;г. Екатеринбург, ул. Крауля, д.2;Тел.:  7-922-025-09-33;"Пн-Пт ? 9.00-20.00 Сб ? 10.00-16.0 Вс ? 10.00-14.00";620109 
Екатеринбург;YEKB1;г. Екатеринбург, ул. Шаумяна, д.33;Тел.: +7 343 215 07 87;"Пн-Пт ? 9.00-20.00 Сб ? 10.00-16.0 Вс ? 10.00 ? 14.00";620102 
Екатеринбург;EKB15;г. Екатеринбург, Сибирский тракт, д.12 стр 3, оф.109/2 (БЦ Квартал);Тел.: +7 (343) 345-56-14;"Пн-Пт ? 10.00-20.00 Сб ? 10.00-16.0 Вс ? 10.00-14.00";620100 
Екатеринбург;EKB9;г. Екатеринбург, ул. Титова, д.19, оф.116;Тел.: +7 (343) 346-96-71, +7 (967) 630-75-67;"Пн-Пт ? 10.00-20.00 Сб ? 10.00-16.0 Вс ? 10.00-14.00";620085 
Екатеринбург;EKB12;г. Екатеринбург, ул. Техническая, д.51;Тел.+7 (343) 302-28-83;"Пн-Пт ? 10.00-20.00 Сб ? 10.00-16.0 Вс ? 10.00-14.00";620050 
Екатеринбург;EKB13;г. Екатеринбург, ул. Малышева, д.145Б;Тел.: +7 (343) 374-75-85;"Пн-Пт ? 9.00-20.00 Сб-Вс ? 10.00-16.00";620049 
Екатеринбург;EKB14;г. Екатеринбург, ул. Норильская, д.77, (База Звезда);Тел.: +7 (343) 379-02-02;"Пн-Вс ? 8.00-20.00 ";620033 
Екатеринбург;YEKB4;г. Екатеринбург, ул.Челюскинцев, д 33а;Тел.:  7-922-025-11-20;"Пн-Пт ? 9.00-20.00 Сб ? 10.00-16.0 Вс ? 10.00-14.00";620027 
Екатеринбург;EKB11;г. Екатеринбург, ул. Рябинина, д.31;Тел.: +7 (343) 300-20-05;"Пн-Пт ? 10.00-20.00 Сб ? 10.00-16.0 Вс ? 10.00-14.00";620016;До 30 кг 
Екатеринбург;EKB8;г. Екатеринбург, ул. Вайнера, д.51Б, оф.1-3;Тел.: +7 (343) 379-00-46;"Пн-Пт ? 10.00-20.00 Сб ? 10.00-16.0 Вс ? 10.00-17.00";620014;До 30 кг 
Екатеринбург;EKB10;г. Екатеринбург, ул. Машиностроителей, д.19, оф.187, необходимо удостоверение личности;Тел.: +7 (343) 290-50-26;"Пн-Пт ? 10.00-20.00 Сб ? 10.00-16.0 Вс ? 10.00-14.00";620012 
Елабуга;ELB1;г. Елабуга, ул. Интернациональная, д.3;Тел.: +7 (927) 441-89-27;"Пн-Пт ? 10.00-19.00 Сб ? 10.00-16.0 Вс - выходной день";423602 
Елец;YELTS1;г. Елец, ул. Ленина, д.80а;Тел.: + 7 474 675 99 70, +7 904 694 44 33;"Пн-Пт ? 10.00-19.00 Сб ? 10.00-16.0 Вс ? 10.00-14.00";399770 
Елизово;ELV1;Камчатский край, г. Елизово, ул. Виталия Кручины, д.26А;Тел.: +7 (4152) 341-500;"Пн-Пт ? 10.00-19.00 Сб ? 10.00-16.0 Вс - выходной день";684000 
Ессентуки;ESN2;Ставропольский край, г. Ессентуки, ул. Ермолова, д.123;Тел.: +7 (87934) 4-88-55;"Пн-Пт ? 10.00-19.00 Сб ? 10.00-16:0 Вс ? выходной";357635 
Железноводск;ZHES1;Ставропольский край, г. Железноводск, ул. Ленина д.97, оф 2;Тел.: +7-918-715-04-05;"Пн-Пт ? 10.00-19.00 Сб ? 10.00-16:0 Вс ? выходной";357400 
Железнодорожный;ZHLD1;Московская область, г. Железнодорожный, ул. Октябрьская, д.25, к.1;Тел.: +7 (499) 394-02-01;"Пн-Пт ? 10.00-19.00 Сб ? 10.00-16.0 Вс - выходной день";143980 
Железнодорожный;ZHLD2;Московская область, г. Железнодорожный, ул. Речная, 16;Тел.: +7 (495) 664-55-24;"Пн-Пт ? 10.00-19.00 Сб ? 10.00-16.0 Вс - выходной день" ;
Жуковский;ZHKV1;Московская область, г. Жуковский, ул. Луч, д.20;Тел.: +7 (499) 390 91 77;"Пн-Пт ? 10.00-19.00 Сб ? 10.00-16.0 Вс ? выходной";140180 
Забайкальск;ZBK2;г. Забайкальск, ул. Комсомольская, 50а;Тел: +7 (924)479-27-74;"Пн-Пт ? 10.00-19.00 Сб ? 10.00-16.0 Вс - выходной день";674650 
Забайкальск;ZBK3;г. Забайкальск, ул. Северная, д.72;Тел.: +7-914-130-41-42,  +7-914-500-58-38;"Пн-Пт ? 9.00-20.00 Сб ? 10.00-16.0 Вс - выходной день";674650 
Заречный;ZRN1;Пензенская обл., г. Заречный, ул. Ленина, д.47;Тел.: +7 841 261 06 10;"Пн-Пт ? 10.00-19.00 Сб ? 10.00-16.0 Вс - выходной день";442960 
Звенигород;ZVG1 ;Московская область, г. Звенигород, ул. Московская, д. 35А;Тел.: +7 (499) 703-49-78;"Пн-Пт ? 10.00-19.00 Сб ? 10.00-16.0 Вс - выходной день";143180;До 30 кг 
Зеленогорск;ZLG1;Красноярский край, г. Зеленогорск, ул. Советская, д.6;Тел. +7 (983) 205-67-14;"Пн-Пт ? 10.00-19.00 Сб ? 10.00-16.0 Вс - выходной день";663690 
Зеленоград;ZLN2;Московская область, г. Зеленоград, Крюковская площадь, д. 1А ТЦ Крюковская Эстакада;"Тел. +7 (926) 790-77-73; +7 (977) 988-33-86";"Пн-Пт ? 10.00-20.00 Сб ? 10.00-16.0 Вс - выходной день";124681 
Зеленоград;ZLN3;Московская область, г. Зеленоград, Панфиловский проспект, корпус 1215 ( ТЦ ОЛЬГА);Тел.: +7(499)995-17-70 , +7(499)755-93-70 ;"Пн-Пт ? 9.00-19.00 Сб ? 10.00-16.0 Вс - выходной день";124460 
Зеленодольск;ZLD1 ;Татарстан респ., г. Зеленодольск, ул. Карла Маркса, д.57А;Тел.: +7-965-594-1814 ;"Пн-Пт ? 9.00-19.00 Сб   ? 10.00-16.0 Вс ? выходной день";422542 
Зеленокумск;ZKN1;Ставропольский край, г. Зеленокумск, пл. Ленина, д. 6, оф. 8;+7(962)429-09-19 ;"Пн-Пт ? 10.00-19.00 Сб ? 10.00-16.0 Вс - выходной день";357910 
Зерноград;ZER1;Ростовская область, г. Зерноград, ул. Колодина, д.3;Тел.: +7 (86359) 41020;"Пн-Пт - 10.00 - 19.00 Сб - 10.00 - 16.0 Вс ? выходной";347740 
Златоуст;ZLT1;Челябинская область, г. Златоуст, 5 мкр, ул. Южно-Есаульская, д. 8  ;Тел: +7 (3513) 67-21-90;"Пн-Пт ? 9.00 - 19.00 Сб ? 10.00 ? 16:0 Вс ? выходной";456238 
Златоуст;ZLT2;Челябинская область. г. Златоуст, ул. Таганайская, 1 Б;Тел.: +7 (922) 706-84-06;"Пн-Пт - 10.00 - 19.00 Сб - 10.00 ? 17.0 Вс ? выходной";456200 
Иваново;IVN1;г. Иваново, ул. Лежневская, д.183, оф.121;Тел.:+7 (4932) 36-68-98;"Пн-Пт ? 10.00-19.00 Сб   ? 10.00-16.0 Вс ? выходной день";153009 
Иваново;IVN5;г. Иваново, ул. Спартака, д. 22;Тел.: +7(493)228-38-30 , +7(493)220-29-00 ,+7(980)695-87-78 , +7(902)318-00-19 ;"Пн-Пт ? 11.00-19.00 Сб   ? 10.00-16.0 Вс ? выходной день";153005 
Иваново;IVN3;г. Иваново, пр-т Ленина, д. 43;Тел. +7 (4932) 28-14-11;"Пн-Пт ? 11.00-19.00 Сб   ? 10.00-16.0 Вс ? выходной день";153002 
Иваново;IVN2;г. Иваново, ул. Станко, д.10;Тел. : +7 (4932)30-80-43, +7 (4932)41-50-98;"Пн-Пт ? 10.00-19.00 Сб   ? 10.00-16.0 Вс ? выходной день";153000 
Ивантеевка;IVT1;Московская область, г. Ивантеевка, ул. Рощинская, д. 9, пом. 023;Тел.: +7 (977) 690-34-31;"Пн-Пт ? 10.00-19.00 Сб   ? 10.00-16.0 Вс ? выходной день";141282;До 30 кг 
Ижевск;IZHV4;г. Ижевск, ул. Максима Горького, д. 43, оф. 126;Тел.: +7(341)232-27-97 ;"Пн-Пт ? 10.00-20.00 Сб ? 10.00-16.0 Вс ? 10.00-14.00";426057 
Ижевск;IZHV3;"г. Ижевск, ул. 10-лет Октября, д.32, лит.Р, БЦ ""Омега""";"Тел.: +7 (3412 ) 655-023; +7  (3412 ) 655-024; +7 904-278-82-88";"Пн-Пт ? 10.00-20.00 Сб   ? 10.00-16.0 Вс ? 10.00-14.00";426011 
Ирбит;IRB1;г. Ирбит, ул. Советская, 96в оф.110 ;Тел.: +7(900)042-40-33 ;"Пн-Пт ? 10.00-19.00 Сб   ? 10.00-16.0 Вс ? выходной день";656039 
Иркутск;IRK1;г.Иркутск, ул. Ширямова, д.24;Тел.: 8(3952)486008;"Пн-Пт ? 8.00-20.00 Сб ? 10.00-18.0 Вс ? 10.00-14.00";664009 
Иркутск;IRK3;г. Иркутск, ул. Карла Либкнехта, д.2;"Тел.: +7 (3952) 79-90-07; +7 (3952) 20-00-77";"Пн-Пт ? 10.00-20.00 Сб ? 10.00-16.0 Вс ? 10.00-14.00";664007 
Искитим;ISK1;Новосибирская область, г.Искитим, ул.Чкалова, д.3, оф.16;Тел.: +7 (383) 3811351, +79529229111;"Пн-Пт ? 10.00-19.00 Сб   ? 10.00-16.0 Вс ? выходной день";633209 
Истра;IST5;Московская область, г. Истра, ул. Ленина, д.27;Тел.: 8(495)-743-20-14;"Пн-Пт ? 10.00-19.00 Сб   ? 10.00-16.0 Вс ? выходной день";143500 
Йошкар-Ола;JLA4;г. Йошкар-Ола, ул. Петрова, д 24-А;Тел.: +7 (8362) 374-374;"Пн-Пт ? 10.00-19.00 Сб   ? 10.00-16.0 Вс ? выходной день";424038 
Йошкар-Ола;JLA3 ;г. Йошкар-Ола, ул. Якова Эшпая, д.137 ;Тл.: +7 (8362) 374-374, +7 (987) 713-2888 ;"Пн-Пт ? 9.00-19.00 Сб   ? 10.00-16.0 Вс ? выходной день";424002 
Казань;KZN6;"г. Казань, пр-т Победы, д.90, вход ""Деловой центр""";Тел.: 8-960-031-19-12;"Пн-Пт ? 10.00-20.00 Сб ? 10.00-16.0 Вс ? 10.00-14.00";420140 
Казань;KZN7;г. Казань, ул. Адоратского д. 4;Тел.: +7 (843) 258-95-84;"Пн-Пт ? 10.00-20.00 Сб ? 10.00-16.0 Вс ? 10.00-14.00";420133 
Казань;KZN3;г. Казань, ул.Спартаковская, д.2;Тел: +7 (843) 258-81-99;"Пн-Пт ? 10.00-20.00 Сб ? 10.00-16.0 Вс ? 10.00-14.00";420107 
Казань;KZN4;г. Казань, ул.Декабристов, д.156, оф.9;Тел.: (843)260-96-65;"Пн-Пт ? 9.00-20.00 Сб ? 10.00-16.0 Вс ? 10.00-14.00";420080 
Казань;KZN8;г. Казань, ул. Гвардейская, д. 16 А, оф. 1;Тел. +7 (843) 211-22-60, +7 (843) 211-23-60;"Пн-Пт ? 10.00-20.00 Сб ? 10.00-16.0 Вс ? 10.00-14.00";420073;До 30 кг 
Казань;KZN2;г. Казань, ул. Энгельса, д.19;Тел.: +7 (843) 567-12-34 доп.1610;"Пн-Пт ? 8.00-20.00 Сб ? 10.00-16.0 Вс ? 10.00-14.00";420066 
Калининград;KLD3;г. Калининград, ул. Озерная, д.41А;Тел.: +7 4012 777 272, +7 4012 921 031;"Пн-Пт ? 9.00-19.00 Сб   ? 10.00-16.0 Вс ? выходной день";236029 
Калининград;KLD2;г. Калининград, ул. 1812 года, д.126;Тел.: +7 (4012) 375-382;"Пн-Пт ? 10.00-19.00 Сб   ? 10.00-16.0 Вс ? выходной день";236016 
Калуга;KLG6;г. Калуга, ул. Глаголева, д.5;Тел. 8-(4842) 75-08-75;"Пн-Пт ? 10.00-19.00 Сб   ? 10.00-16.0 Вс ? выходной день";248021 
Калуга;KLG8;г. Калуга, Тульский 2-й переулок, д. 2;Тел.: +7-484-253-36-88;"Пн-Пт ? 9.00-19.00 Сб ? 10.00-18.0 Вс ? 10.00-16.00";248003 
Калуга;KLG9;г. Калуга, ул. Театральная, дом 4Б ;Тел. 8-(4842) 53-36-88, 79-55-17, +7-910-522-26-40, +7-953-463-09-80;"Пн-Пт ? 10.00-19.00 Сб   ? 10.00-16.0 Вс ? 10.00 ? 14.00";248001 
Каменск-Уральский;KUR5;Свердловская обл., Каменск-Уральский, ул. Каменская, д.78;Тел: +7 (343) 933-30-47, + 7 (343) 933-30-46;"Пн-Пт ? 10.00-19.00 Сб ? 10.00-16.0 Вс - выходной день";623412 
Каменск-Шахтинский;KSHX1;Ростовская область, г. Камеснк-Шахтинский, ул. Кирова, д.74;"Тел.: +7 (86365) 7-09-13; +7 (909) 429-20-39";"Пн-Пт ? 9.00-19.00 Сб ? 10.00-16.0 Вс ? выходной";347810 
Камышин;KMN1;г. Камышин, ул. Пролетарская 16 А офис 9 ;Тел.: +7 (844) 575-00-26 ;"Пн-Пт ? 10.00-19.00 Сб ? 10.00-16.0 Вс ? выходной";403882 
Канск;KAN1;Красноярский край, г. Канск, ул. 40 Лет Октября, д.38;Тел.: +7 (913) 51-81-554;"Пн-Пт ? 10.00-19.00 Сб ? 10.00-16.0 Вс ? выходной";663604 
Карасук;KUK1;Новосибирская область, г. Карасук, ул. Ленина, д.8;Тел.: +7 (913) 786-19-16;"Пн-Пт ? 9.00-16.00 Сб ? 9.00-15.0 Вс ? выходной";632865 
Каргат;KRG1;Новосибирская область, г.Каргат, ул.Советская, д. 203, оф.13;Тел.: +7 (913) 786-15-69;"Пн-Пт ? 10.00-16.00 Сб ? 10.00-14.0 Вс ? выходной";632402;До 30 кг 
Кемерово;KEM2;г. Кемерово, ул. Тухачевского, д. 47В;Тел.: +7(3842) 45-25-65 ;"Пн-Пт ? 9.00-20.00 Сб   ? 10.00-18.0 Вс ? 10.00-16.00";650070 
Кемерово;KEM4;г. Кемерово, пр. Кузнецкий, д. 10;Тел.: +7 (3842) 76-48-74;"Пн-Пт ? 10.00-20.00 Сб ? 10.00-16.0 Вс ? 10.00-16.00";650002 
Кемерово;KEM5;г. Кемерово, ул. Авроры д. 6;Тел.: +7(384)278-00-79 ;"Пн-Пт ? 8.00-20.00 Сб   ? 10.00-16.0 Вс ? 10.00-14.00";650002 
Керчь;KRCH1 ;Крым респ., г. Керчь, ул. Советская, д. 15 ;Тел.: +7 (978) 90-33-555, (978) 90-33-999 ;"Пн-Пт ? 10.00-19.00 Сб   ? 10.00-16.0 Вс ? выходной";298300 
Кимры;KIM1;Тверская область, г. Кимры, ул. Кирова, д.4;Тел: +7 (482) 245-25-22;"Пн-Пт ? 10.00-19.00 Сб ? 10.00-16.0 Вс ? выходной";171506 
Кингисепп;KNP2;Ленинградская область, г. Кингисепп, ул. Октябрьская, д 15;Тел.: +7(962)684-89-04 , +7(931)594-40-12 ;"Пн-Пт ? 10.00-19.00 Сб ? 10.00-16.0 Вс ? выходной";188480 
Кинешма;KIN1;Ивановская область, г. Кинешма, ул. Правды, д.20;Тел.: +7 (4932) 45-95-39,+7 (910) 667-95-39;"Пн-Пт ? 10.00-19.00 Сб ? 10.00-16.0 Вс ? выходной";155802 
Киржач;KRZH1;Владимирская область, г. Киржач, ул. Гагарина, д.15;Тел. +7 (905) 617-51-05;"Пн-Пт ? 10.00-19.00 Сб ? 10.00-16.0 Вс ? выходной";601010 
Кириши;KRSH1;Ленинградская область, г. Кириши, пр.Ленина, д.53;Тел.: +7 (960) 283-33-56;"Пн-Пт ? 10.00-19.00 Сб ? 10.00-16.0 Вс ? выходной";187110 
Киров;KRV2;г. Киров, ул. Московская, д.15 (вход с ул. Свободы);Тел.: +7 (982) 393-09-95, +7 (8332) 21-19-98;"Пн-Пт ? 9.00-20.00 Сб   ? 10.00-16.0 Вс ? 10.00-14.00";610000 
Кировск;KIR1;Ленинградская обл., г. Кировск, ул. Северная, д.1В;Тел: +7 (905) 2841111, +7 (962) 6864220;"Пн-Пт ? 10.00-19.00 Сб ? 10.00-16.0 Вс ? выходной";187340 
Киселевск;KSS2;Кемеровская область, г. Киселевск, пер. Транспортный, д.4, оф.7;Тел.: 8-913-401-6326, 8-951-176-3840;"Пн-Пт ? 10.00-19.00 Сб   ? 10.00-16.0 Вс ? выходной день";652700 
Кисловодск;KSL2;Ставропольский край, г. Кисловодск, ул. Горького, д. 1;Тел.: +7 (988) 717-04-05;"Пн-Пт ? 10.00-19.00 Сб   ? 10.00-16.0 Вс ? выходной день";357736 
Клин;KLN1;Московская область, г. Клин, ул. Спортивная, д.15/1;Тел.: +7-800-555-1291,+7 (499) 653-61-41 ;"Пн-Пт ? 10.00-19.00 Сб ? 10.00-16.0 Вс - выходной день";141612 
Клинцы;KLC1;Брянская область, г. Клинцы, Проспект Ленина, д.49в;"Тел.: +7 (48336) 270-07; +7 (910) 331-61-71";"Пн-Пт ? 10.00-19.00 Сб   ? 10.00-16.0 Вс ? выходной день";243140 
Ковров;KVR1;Владимирская область, г. Ковров, Проспект Мира, д.2;Тел.: +7 (4922) 600-410, +7 (930) 830-04-10;"Пн-Пт - 10.00-19.00 Сб ? 10.00-16.0 Вс - выходной день";601900 
Коломна;KLM2;Московская область, г. Коломна, ул. Зайцева, д. 38, оф. 19;Тел.: +7 (496) 623-41-23 ;"Пн-Сб 9.00-20.00 Вс - выходной день";140400 
Колпино;KLP1;Санкт-Петербург, г.Колпино, ул. Тверская, д.36, корп.3;Тел.: (812) 989-94-19;"Пн-Пт - 10.00-19.00 Сб ? 10.00-16.0 Вс - выходной день";196655 
Комсомольск-на-Амуре;KOM3;Хабаровский край, г. Комсомольск-на-Амуре, пр-т Победы, д. 53;Тел.: +7-421-734-80-34;"Пн-Пт - 10.00-19.00 Сб ? 10.00-16.0 Вс - выходной день";681029 
Комсомольск-на-Амуре;KOM2;Хабаровский край, г. Комсомольск-на-Амуре, Октябрьский проспект, д. 28;Тел.: +7(963)-823-33-83;"Пн-Пт - 10.00-19.00 Сб ? 10.00-16.0 Вс - выходной день";681000 
Копейск;KPK1 ;Челябинская область, г. Копейск, пр. Победы, д. 10, оф. 6 ;Тел.: +7 (35139) 4-26-14, 8 919 334 26 14;"Пн-Пт - 10.00-19.00 Сб ? 10.00-16.0 Вс - выходной день";456604 
Королев;KRL1;Московская область, г. Королев, ул. Калинина, д.6Б, оф.15;Тел.: +7 (916) 794-51-25;"Пн-Пт ? 10.00-20.00 Сб ? 10.00-16.0 Вс - выходной день";141070 
Королев;ROG1;Московская область, г. Королев, ул. Свободная, д.1А;Тел.: +7-925-783-76-61;"Пн-Пт - 10.00-19.00 Сб ? 10.00-16.0 Вс - выходной день";141060 
Кострома;KST7;г. Кострома, ул. Сутырина, д.15А;Тел: +7 (4942) 64-11-63;"Пн-Пт ? 9.00-19.00 Сб ? 9.00-16.0 Вс ? 10.00-16.00";156014 
Кострома;KST6;г. Кострома, мкр Паново, д.17;Тел. +7 (4942) 46-68-56;"Пн-Пт - 9.00-20.00 Сб ? 9.00-18.0 Вс - выходной день";156011 
Кострома;KST2;г. Кострома, ул. Ткачей, д.7, оф. 9;Тел: +7 (494) 264-11-63;"Пн-Пт ? 9.00-19.00 Сб ? 10.00-16.0 Вс ? 10.00-16.00";156002 
Кострома;KST8;г. Кострома, ул. Пятницкая, д. 39/1, пом. 1;Тел: +7 (494) 230-28-99;"Пн-Пт ? 10.00-19.00 Сб ? 10.00-16.0 Вс - выходной день";156000 
Котельники;KTN1;Московская обл., г. Котельники, Новорязанское шоссе, д.6, оф.14;Тел: +7 (495) 230-17-71;"Пн-Пт ? 10.00-19.00 Сб ? 10.00-16.0 Вс - выходной день";140054 
Красногорск;KRN2;Московская область, г. Красногорск, ул. Успенская, д 24;Тел: +7(499) 110-86-51;"Пн-Пт - 10.00-19.00 Сб ? 10.00-16.0 Вс - выходной день";143409 
Красногорск;KRN3;Московская область, г. Красногорск, б-р Красногорский, д. 21;Тел: +7(495) 133-17-12;"Пн-Пт - 10.00-19.00 Сб ? 10.00-16.0 Вс - выходной день";143405 
Красногорск;KRN4;Московская область, г. Красногорск, ул. Ленина, д.5Б, оф 5;Тел: +7(495)136-99-85;"Пн-Пт - 10.00-19.00 Сб ? 10.00-16.0 Вс - выходной день";143404 
Красногорск;KRN1;Московская область, г. Красногорск, микрорайон Теплый бетон, Оптический переулок, д. 1А ;Тел: +7(498) 505-6546 ;"Пн-Пт - 10.00-19.00 Сб ? 10.00-16.0 Вс - выходной день";143400 
Краснодар;KSD7;г. Краснодар, пр. Чекистов, д.24/1;Тел.: +7 (918) 170-07-64;"Пн-Пт ? 9.00-20.00 Сб ? 10.00-16.0 Вс ? 10.00-14.00";350089;До 30 кг 
Краснодар;KSD10;г. Краснодар, ул. Уральская , д. 129;Тел.: +7 861 991 1009;"Пн-Пт ? 10.00-20.00 Сб ? 10.00-16.0 Вс ? 10.00-14.00";350080 
Краснодар;KSD9;г. Краснодар, ул. Стасова, д.184, оф.11;Тел: +7 861 243 98 48, +7 988 243 98 48;"Пн-Пт ? 9.00-20.00 Сб-Вс ? 10.00-16.0 ";350075 
Краснодар;KSD5;г. Краснодар, ул. 40 лет Победы, д.43;Тел.: +7 861 242 5740;"Пн-Пт ? 8.00-20.00 Сб-Вс ? 10.00-16.0 ";350072 
Краснодар;KSD3;г. Краснодар, ул.Коммунаров, д.31;Тел.: +7 (861) 991-02-91, +7 (918)123-15-35;"Пн-Пт ? 10.00-20.00 Сб ? 10.00-16.0 Вс ? 10.00-14.00";350063;До 30 кг 
Краснодар;KSD11;г. Краснодар, ул. Кубанская Набережная, д. 3711, 0 этаж, оф.70;Тел: +7 -918-397-26-98;"Пн-Пт ? 10.00-20.00 Сб ? 10.00-16.0 Вс ? 10.00-14.00";350063 
Краснодар;KSD2;г. Краснодар, ул. Монтажников, д.3Б, оф.30;Тел.: (861)2902576,+7 (928) 210-25-76, +7 (989) 269-12-12;"Пн-Пт ? 8.00-20.00 Сб ? 10.00-16.0 Вс ? 10.00-16.00";350051 
Краснодар;KSD12;г. Краснодар, ул. Северная, д. 247, оф. 4;Тел.: +7-861-944-64-88;"Пн-Пт ? 10.00-20.00 Сб ? 10.00-16.0 Вс ? 10.00-14.00";350049 
Краснодар;KSD6;г. Краснодар, ул. Таманская, д.130/3;Тел.: +7 (861) 992-05-66, +7 (989) 262-17-98;"Пн-Пт ? 10.00-20.00 Сб ? 10.00-16.0 Вс ? 10.00-14.00";350001;До 30 кг 
Краснодар;KSD8;г. Краснодар, ул. Вишняковой, д.3;Тел: +7 861 204 0064;"Пн-Пт ? 8.00-20.00 Сб-Вс ? 10.00-16.0 ";350001 
Краснодар;KSD4;г. Краснодар, ул. Красная, д.124 (угол Буденного и Красноармейской);Тел.: +7 (861) 205-02-10;"Пн-Пт ? 9.00-20.00 Сб ? 10.00-19.0 Вс ? 10.00-17.00";350000;До 60 кг 
Краснообск;KSB1;г. Новосибирск, п.Краснообск, д.213, оф.104;Тел.: +7(913) 935-85-85;"Пн-Пт - 10.00-19.00 Сб ? 10.00-16.0 Вс - выходной день";630501 
Красноперекопск;KPS1;Крым респ., г. Красноперекопск, ул. Чкалова, д. 4/1;Тел.: 7-978-264-60-76;"Пн-Пт - 10.00-19.00 Сб ? 10.00-16.0 Вс - выходной день";296000 
Краснотурьинск;KTU1;Свердловская область, г. Краснотурьинск, ул. Ленина, д.3;Тел.: +7 (900) 042-03-57;"Пн-Пт ? 10.00-19.00 Сб ? 10.00-16.0 Вс - выходной день";624447 
Красноуфимск;KSF2;Свердловская область, г. Красноуфимск, ул. Советская, д. 35;Тел. +7 (922) 028-00-49;"Пн-Пт ? 10.00-19.00 Сб ? 10.00-16.0 Вс - выходной день";623300 
Красноярск;KSK7;г. Красноярск, ул. Мате Залки, д.7 помещение 341, оф.2;Тел: +7 391 280 9800, +7 391 295 0357;"Пн-Пт ? 10.00-20.00 Сб ? 10.00-16.0 Вс ? 10.00-14.00";660127 
Красноярск;KSK8;г. Красноярск, ул. Авиаторов, д. 68;Тел: +7 391-234-73-07;"Пн-Пт ? 10.00-20.00 Сб ? 10.00-16.0 Вс ? 10.00-14.00";660077 
Красноярск;KSK2;"г.Красноярск, ул. Сурикова, д.12/6, оф.Вход с ул К.Маркс ";"Тел.: +7 (391) 205-33-72,+7 (391) 215-33-7 ";"Пн-Пт ? 10.00-20.00 Сб ? 10.00-16.0 Вс ? 10.00-14.00";660049 
Красноярск;KSK6;г. Красноярск, улю Киренского, д.89;Тел: +7 (391) 271-79-71;"Пн-Пт ? 10.00-20.00 Сб ? 10.00-16.0 Вс ? 10.00-14.00";660041 
Красноярск;KSK1 ;г.Красноярск, ул. Шахтеров, д.49ж/4, склад № 3;"Тел.: (391) 274-50-92 внутр. 240 ";"Пн-Пт ? 8.00-20.00 Сб-Вс ? 10.00-16.0 ";660020 
Красноярск;KSK3;г. Красноярск, ул. Затонская, д.2, оф.3;Тел.: +7 (391) 271-79-71;"Пн-Пт ? 10.00-20.00 Сб ? 10.00-16.0 Вс ? 10.00-14.00";660010 
Красноярск;KSK5;г. Красноярск, ул. Щорса, д.27, оф.104;Тел: +7 (391) 2-408-938;"Пн-Пт ? 10.00-20.00 Сб ? 10.00-16.0 Вс ? 10.00-14.00";660003 
Кропоткин;KRP1;Краснодарский край, г. Кропоткин, ул. Красная, д. 260, оф. 267;Тел. +7 (960) 493-93-04;"Пн-Пт ? 10.00-19.00 Сб ? 10.00-16.0 Вс - выходной день";352380 
Крымск;KRM2;Краснодарский край, г. Крымск, ул. Советская, д. 223;Тел.: +7(918)719-04-05 ;"Пн-Пт - 10.00-19.00 Сб ? 10.00-16.0 Вс - выходной день";353380 
Кстово;KST4;Нижегородская область, г. Кстово, пр-кт Капитана Рачкова, д. 21;Тел. +7 (83145) 9-04-23;"Пн-Пт ? 10.00-19.00 Сб ? 10.00-16.0 Вс - выходной день";607657 
Кудымкар;KDM1;Пермский край, г. Кудымкар, ул. Калинина, д.39а;Тел.: +7 (342) 604-82-42;"Пн-Пт ? 10.00-19.00 Сб ? 10.00-16.0 Вс ? выходной";619000 
Куйбышев;KBSH1;Новосибирская область, г.Куйбышев, 11 квартал, д.8;Тел.: +7 (913) 786-13-26;"Пн-Пт - 10.00-16.30 Сб ? 10.00-15.0 Вс - выходной день";632382;До 30 кг 
Кунгур;KNR1;Пермский край, г. Кунгур, ул. Уральская, д.3;Тел.: +7 800 222 3639;"Пн-Пт ? 10.00-19.00 Сб ? 10.00-16.0 Вс - выходной день";617471 
Купино;KPN1;Новосибирская область, г. Купино, ул. Железнодорожная, д.26;Тел.: +7 (913) 941-91-52;"Пн-Пт - 9.00-18.00 Сб ? 9.00-16.0 Вс - выходной день";632730 
Курган;KUR6;г. Курган, ул. Бурова-Петрова, д.117;Тел.: 7-912-578-77-16, +7-352-261-90-11;"Пн-Пт ? 10.00-19.00 Сб ? 10.00-16.0 Вс - выходной день";640000 
Курск;KRS1;г. Курск, ул. Запольная, д.56 ;Тел. (4712)31-07-36, +7 (4712)55-10-10;"Пн-Пт ? 09.00-19.00 Сб ? 10.00-16.0 Вс - выходной день";305040 
Лабинск;LBS1;Краснодарский край, г. Лабинск, ул. Советская, д. 63/1;Тел.: +7 (8612) 218-52-22, +7 (900) 274-66-68;"Пн-Пт - 10.00-19.00 Сб ? 10.00-16.0 Вс - выходной день";352500 
Ленинск-Кузнецкий;LKC2 ;Кемеровская область, г. Ленинск-Кузнецкий, пр. Кирова, д.91;Тел.: +7 (950) 599-89-99, +7 (38456) 300-77;"Пн-Пт - 9.00-19.00 Сб ? 10.00-16.0 Вс - выходной день";652518 
Лермонтов;LMV1;Ставропольский край, г. Лермонтов, ул. Матвиенко, д.1 оф.30;Тел.: +7 (989) 781-17-66, +7 (87935) 3-12-61;"Пн-Пт - 10.00-19.00 Сб ? 10.00-16.0 Вс - выходной день";357340;До 50 кг 
Липецк;LPC2;г. Липецк, пр. Победы, д.128;Тел.: +7 (910) 356-29-02;"Пн-Пт ? 10.00-20.00 Сб   ? 10.00-16.0 Вс ? 10.00-14.00";398046 
Липецк;LPC1;г. Липецк, пл. Петра Великого, д.5, оф. 05 ;Тел.: +7 (4742)  74-44-07, 77-15-61 ;"Пн-Пт ? 10.00-20.00 Сб   ? 10.00-16.0 Вс ? 10.00-14.00";398008 
Лобня;LBN1;Московская обл., г. Лобня, ул. Крупской, д.12а,вход со стороны пруда (салон Нарцисс), оф.1;Тел.: +7 (499) 110-70-12;"Пн-Пт - 10.00-19.00 Сб ? 10.00-16.0 Вс - выходной день";141730 
Луга;LUG1;Ленинградская обл. г. Луга, ул. Железнодорожная, д. 2/6;Тел.: +7-965-6886-78-51;"Пн-Пт - 10.00-19.00 Сб ? 10.00-16.0 Вс - выходной день";188230 
Люберцы;LYUB2;Московская область, г. Люберцы, Октябрьский проспект, д.145;Тел.: +7 (925) 107-40-80, +7 (925) 107-40-70, +7 (499) 390-79-39;"Пн-Пт - 10.00-19.00 Сб ? 10.00-16.0 Вс - выходной день";140000 
Людиново;LDN1;Калужская область, г. Людиново, ул. Ленина, д.4;Тел.: +7 (980) 511-40-60;"Пн-Пт - 10.00-19.00 Сб ? 10.00-16.0 Вс - выходной день";249405 
Магадан;MGD1;г. Магадан, ул. Кольцевая, д.3  ;Тел.: +7 (4132) 60-22-44 ;"Пн-Пт - 10.00-19.00 Сб ? 10.00-16.0 Вс - выходной день";685000 
Магнитогорск;MGN5;г. Магнитогорск, ул. Ворошилова, д. 7;Тел.: +7 (3519) 39-03-09, +7 (951) 1119595;"Пн-Пт ? 9.00-19.00 Сб ? 10.00-16.0 Вс - выходной день";455045 
Майкоп;MAJ1 ;г. Майкоп, , ул. Шовгенова д. 1;"Тел. +7(8772) 21-05-02;  +7 (952)-982-16-59";"Пн-Пт ? 9.00-20.00 Сб   ? 10.00-16.0 Вс ? 10.00-14.00";385012 
Малаховка;MBSH1;Московская область, г. Малаховка, Быковское шоссе, д. 37/5;Тел. +7 (968) 654-06-66;"Пн-Пт - 10.00-19.00 Сб ? 10.00-16.0 Вс - выходной день";140033 
Махачкала;MXCH3;г. Махачкала, ул. Петра Первого, д.25к1;Тел.: +7 (8722) 59-99-19, +7 (964) 000-1-000 ;"Пн-Пт ? 10.00-20.00 Сб   ? 9.00-16.0 Вс ? 10.00-14.00";367012 
Мегион;MEG2;г. Мегион, ул. Проспект победы, 3;Тел.: +7 (34643) 678-78, +7-932-405-56-58;"Пн-Пт - 10.00-19.00 Сб ? 10.00-16.0 Вс - выходной день";628680 
Междуреченск;MZHR2;г.Междуреченск, г. Междуреченск, пр. Коммунистический, д.7;Тел.: +7 (38475) 2-60-06;"Пн-Пт - 10.00-19.0 Сб -  10.00-16.0 Вс ? выходной";652870 
Мелеуз;MEL1;Башкортостан респ, г. Мелеуз, ул. Октябрьская, д. 5;Тел.: +7-347-645-00-30;"Пн-Пт - 10.00-19.0 Сб -  10.00-16.0 Вс ? выходной";453854 
Миасс;MIA1;Челябинская обл., г.Миасс, ул. Лихачева д.31, офис 11. ;Тел: +7 (3513) 28-44-66, +7-951-124-73-07 ;"Пн-Пт ? 9.00-19.00 Сб ? 10.00-16.0 Вс - выходной день";456003 
Минеральные Воды;MNV1;Ставропольский край, г.Минеральные воды, ул. 50 лет Октября, д.67, офис 117 ;Тел.: 88792262682;"Пн-Пт - 10.00-19.0 Сб -  10.00-16.0 Вс ? выходной";357209 
Митино (Москва) ;MTN4;г. Москва, ул. Муравская, д. 1, стр 1 ;Тел.: +7 (499) 130-07-57;"Пн-Пт ? 9.00-20.00 Сб ? 10.00-16.0 Вс ? 10.00-16.00";125310 
Митино (Москва) ;MTN3;г. Москва , ул. Ангелов, д.8;Тел.: +7 (499) 7-555-271, +7 (926) 4-777-115;"Пн-Пт ? 10.00-20.00 Сб   ? 10.00-16.0 Вс ? 10.00-14.00";125310 
Михайловск;MXV1;Ставропольский край, г. Михайловск, ул. Ленина, д.167/2, корп.2, пом.59;Тел.: +7 (86553) 333-19, +7 (962) 442-58-54;"Пн-Пт - 10.00-19.0 Сб -  10.00-16.0 Вс ? выходной";356240 
Могилев;MOG1;Могилевская область, г. Могилев, Коммунистический пер, д.6, оф. 12;Тел.: +7 302-227-05993;"Пн-Пт - 10.00-19.0 Сб -  10.00-16.0 Вс ? выходной";212030 
Можайск;MOS1 ;Московская область, г. Можайск, ул. Желябова, д. 31, оф. 1 ;Тел.: +7 (915) 089-66-96, +7 (925) 021-44-34;"Пн-Пт - 10.00-19.0 Сб -  10.00-16.0 Вс ? выходной";143200 
Москва;MSK73;г. Москва, ул. Энергетиков, д. 22 к. 2;;Пн-Вс- 00:00-23:55;140091 
Москва;MSK22;г. Москва, ул. Энергетиков, д. 22 к. 2;Тел.: +7-495-287-70-67;Пн-Вс 00:00-23:59;140091 
Москва;MSK38;г. Москва, ул. Коминтерна, д.4, оф.10;Тел.: +7 (495) 510-91-86;"Пн-Пт ? 10.00-20.00 Сб   ? 10.00-16.0 Вс ? 10.00-14.00";129344 
Москва;MSK23;г. Москва, ул. Ярославская, д. 8, к. 1, оф. 125 ;Тел.: +7 (499) 750-23-49 ;"Пн-Пт ? 10.00-20.00 Сб   ? 10.00-16.0 Вс ? 10.00-14.00";129164;До 50 кг 
Москва;MSK11;г. Москва, г. Москва, ул. Римского-Корсаково, д.8, подъезд 8;Тел.: +7 (499) 903-66-14;"Пн-Пт ? 10.00-20.00 Сб   ? 10.00-16.0 Вс ? 10.00-14.00";127566;До 20 кг 
Москва;MSK71;г. Москва, Юрловский пр., корп. 4, д. 14, оф. 11;Тел.: +7-499-174-51-61;"Пн-Пт ? 10.00-20.00 Сб   ? 10.00-16.0 Вс ? 10.00-14.00";127566 
Москва;MSK86;г. Москва, Суденческий пр., д. 4, корп. 1;Тел.: +7-499-390-28-66;"Пн-Пт ? 10.00-20.00 Сб   ? 10.00-17.0 Вс ? 10.00-17.00";127282 
Москва;MSK56;г. Москва ,ул. Добролюбова д.21А, корп.А;Тел. +7 (499) 394-70-66, +7 (966) 065-86-42;"Пн-Пт - 10.00-20.00 Сб ? 10.00-16.0 Вс ? 10.00-14.00";127254 
Москва;MSK61;г. Москва, Локомотивный пр-зд, д.21, оф.104;Тел: +7 (999) 880-62-42;"Пн-Пт - 10.00-20.00 Сб ? 10.00-16.0 Вс ? 10.00-14.00";127238 
Москва;MSK47;г.Москва, ул. Новослободская, д.31 стр. 4;Тел. +7 (495) 225-31-91;"Пн-Пт ? 9.00-20.00 Сб-Вс ? 10.00-16.00";127055;До 30 кг 
Москва;MSK53;г. Москва, Большой Сухаревский переулок, д.15с2;Тел. +7 (495) 120-81-78;"Пн-Пт ? 10.00-20.00 Сб   ? 10.00-16.0 Вс ? 10.00-14.00";127051;До 30 кг 
Москва;MSK51;г. Москва, ул. 1-я Ямская, д.3/7;Тел.: +7 (499) 391-16-63;"Пн-Пт ? 10.00-20.00 Сб   ? 10.00-16.0 Вс ? 10.00-14.00";127018;До 50 кг 
Москва;MSK14 ;г. Москва, Настасьинский переулок, д. 8, стр. 2 ;Тел.: +7 (499) 703-36-65;"Пн-Пт ? 10.00-20.00 Сб   ? 10.00-16.0 Вс ? 10.00-14.00";127006;До 50 кг 
Москва;MSK67;г. Москва, ул. Свободы, д.89, корп.5;Тел: +7 (495) 496 6000;"Пн-Пт - 10.00-20.00 Сб ? 10.00-16.0 Вс ? 10.00-14.00";125481 
Москва;MSK72;г. Москва, ул. 3-я Радиаторская, д. 9 ;Тел.: +7-499-530-65-54;"Пн-Пт ? 10.00-20.00 Сб   ? 10.00-16.0 Вс ? 10.00-14.00";125475 
Москва;MSK84;г. Москва, ул. Соколова-Мещерская, д. 14К1, оф. 8;Тел.: +7-499-136-00-90;"Пн-Пт ? 10.00-20.00 Сб   ? 10.00-16.0 Вс ? 10.00-14.00";125466 
Москва;MSK18;г.Москва, ул.Нелидовская, д.21, корп.1;Тел.: +7-925-827-47-16 ;"Пн-Пт ? 10.00-20.00 Сб   ? 10.00-16.0 Вс ? 10.00-14.00";125363;До 100 кг 
Москва;MSK26;г. Москва, Кронштадский б-р, д. 7А, оф. 102;Тел.: +7 (499) 270-05-99 ;"Пн-Пт ? 10.00-20.00 Сб   ? 10.00-16.0 Вс ? 10.00-14.00";125212 
Москва;MSK46;г. Москва, Ленинградский пр., д.75А;Тел.: +7 (499) 728-69-87;"Пн-Пт ? 10.00-20.0 Сб ? 10.00-16.0 Вс ? 10.00-14.00";125057;До 30 кг 
Москва;MSK3;г. Москва, Ленинградский пр-т, д. 2;Тел.: +7 (926) 946-46-13;"Пн-Пт ? 10.00-20.00 Сб   ? 10.00-16.0 Вс ? 10.00-14.00";125040;До 30 кг 
Москва;MSK19;г. Москва, Хорошевское шоссе, д.43а;Тел.: +7 (499) 677-20-69 ;"Пн-Пт ? 10.00-20.00 Сб   ? 10.00-16.0 Вс ? 10.00-14.00";123308;До 30 кг 
Москва;MSK33;г. Москва, 1-й магистральный проезд, д.12, ст.1;"Тел: +7 (495) 797-81-08; 44-72";"Пн-Пт ? 9.00-21.0 Сб, Вс ? 10.00-18.00";123290 
Москва;MSK66;г. Москва, пр. 1-й Магистральный, д. 12, стр. 1;;Пн-Пт ? 8:00-9:00;123290 
Москва;MSK83;г. Москва, ул. Маршала Новикова, д. 16 ;Тел.: +7-926-693-77-86, +7-966-019-01-93;"Пн-Пт ? 10.00-20.00 Сб   ? 10.00-16.0 Вс ? 10.00-14.00";123098 
Москва;MSK45;г.Москва, ул. Осенняя, д.4, корп.1, оф.П45.2;Тел.: +7(495) 797-74-91;"Пн-Пт ? 10.00-20.0 Сб ? 10.00-16.0 Вс ? 10.00-14.00";121609;До 30 кг 
Москва;MSK69;г. Москва, Можайское ш., д. 30;Тел.:+7-909-166-25-30;"Пн-Пт ? 10.00-20.00 Сб   ? 10.00-16.0 Вс ? 10.00-14.00";121354 
Москва;MSK78;г. Москва, ул. Молодогрвардейская, д.54, корп 4;Тел.: +7-906-715-23-50;"Пн-Пт ? 10.00-20.00 Сб   ? 10.00-16.0 Вс ? 10.00-14.00";121351 
Москва;MSK25;г. Москва, ул. Ивана Франко, д. 6;Тел.: +7 (495) 508-19-88 ;"Пн-Пт ? 10.00-20.00 Сб   ? 10.00-16.0 Вс ? 10.00-14.00";121108;До 30 кг 
Москва;MSK49;г. Москва, Багратионовский пр-д, д.7 корп. 20 В, оф.4, (Вход из арки);Тел.: +7 (499) 394-57-70, +7 (926) 038-88-99;"Пн-Пт ? 10.00-20.00 Сб   ? 10.00-16.0 Вс ? 10.00-14.00";121087;До 30 кг 
Москва;MSK60;г. Москва, ул. Раменки, д.23;Тел: +7 (495) 932-44-30;"Пн-Пт - 10.00-20.00 Сб ? 10.00-16.0 Вс ? 10.00-14.00";119607 
Москва;MSK40;г. Москва, ул. Марии Поливановой, д.9;Тел.: +7 (495) 430-48-00;"Пн-Пт ? 10.00-20.0 Сб ? 10.00-16.0 Вс ? 10.00-14.00";119361;До 30 кг 
Москва;MSK41;г. Москва, Проспект Вернадского, д.29;Тел.: +7 (495) 181-50-29;"Пн-Пт ? 10.00-20.0 Сб ? 10.00-16.0 Вс ? 10.00-14.00";119331;До 30 кг 
Москва;MSK55;"г. Москва, Фрунзенская наб.,  д.30с2, Супермаркет ""Билла""";Тел. +7 (495) 374-89-90;"Пн-Пт - 10.00-20.00 Сб ? 10.00-16.0 Вс ? 10.00-14.00";119146;До 30 кг 
Москва;MSK15;г. Москва, ул.2-й Вражский переулок, д.5;Тел.: +7 (499) 321-2030;"Пн-Пт ? 10.00-20.00 Сб   ? 10.00-16.0 Вс ? 10.00-14.00";119121;До 30 кг 
Москва;MSK27;г. Москва,  Балаклавский проспект, дом 5 ;Тел.: +7 (985) 618-50-01;"Пн-Пт ? 10.00-20.0 Сб, Вс ? 10.00-18.00";117639;До 30 кг 
Москва;MSK31;г. Москва, ул. Тарусская, д.18 к1, оф.6;Тел.: +7 (495) 423-50-44;"Пн-Пт ? 10.00-20.00 Сб   ? 10.00-16.0 Вс ? 10.00-14.00";117588 
Москва;MSK85;г. Москва, пр-т Новоясеневский, д. 1Б, корп. 1, оф. 11;Тел.: +7-926-386-69-62;"Пн-Пт ? 10.00-20.00 Сб   ? 10.00-16.0 Вс ? 10.00-14.00";117574 
Москва;MSK62;"г. Москва, ул. Кировоградская, д.15 ТЦ ""Электронный рай"", оф.1Г-7";Тел: +7 (925) 935-38-44;"Пн-Пт - 10.00-20.00 Сб ? 10.00-16.0 Вс ? 10.00-14.00";117519 
Москва;MSK80;г. Москва, ул.Карьер, д.2, стр. 1;Тел.: +7-495-797-81-08;"Пн-Пт ? 9.00-21.00 Сб   ? 10.00-18.0 Вс ? 10.00-18.00";117449 
Москва;MSK13;г. Москва, ул. Профсоюзная, д.45, вход с левого торца;Тел.: +7 (495)718-77-44;"Пн-Пт ? 10.00-20.00 Сб   ? 10.00-16.0 Вс ? 10.00-14.00";117420;До 25 кг 
Москва;MSK63;г. Москва, ул. Генерала Антонова, д.3а, оф.2;Тел: +7 (495) 792-72-55 ;"Пн-Пт - 10.00-20.00 Сб ? 10.00-16.0 Вс ? 10.00-14.00";117342 
Москва;MSK30;г. Москва, ул. Вавилова, д.17А;Тел.: +7 (499) 655-20-40;"Пн-Пт ? 10.00-20.00 Сб   ? 10.00-16.0 Вс ? 10.00-14.00";117312 
Москва;MSK50;г. Москва, ул. Дмитрия Ульянова, д.36;"Тел.: +7 (499) 394-65-76;  +7 (925) 234-68-27";"Пн-Пт ? 10.00-20.00 Сб   ? 10.00-16.0 Вс ? 10.00-14.00";117218;До 30 кг 
Москва;MSK48;г. Москва, ул. Домодедовская, д.20 корп. 1 подъезд ГОРЖИЛСЕРВИС, оф.5;Тел.: +7 (499) 112-42-40;"Пн-Пт ? 10.00-20.00 Сб   ? 10.00-16.0 Вс ? 10.00-14.00";115551;До 30 кг 
Москва;MSK29;г. Москва, пр-т Андропова, д.15;Тел.: +7 (925) 731-84-24;"Пн-Пт ? 10.00-20.00 Сб   ? 10.00-16.0 Вс ? 10.00-14.00";115470 
Москва;MSK42;г. Москва, ул. Братеевская, д.16, корп.6;Тел.: +7 (495) 779-98-69;"Пн-Пт ? 10.00-20.0 Сб ? 10.00-16.0 Вс ? 10.00-14.00";115408 
Москва;MSK54;г. Москва, ул. Луганская, д.5, оф.1;"Тел.: +7 (905) 520-65-99; +7 (929) 653-68-00";"Пн-Пт - 10.00-20.00 Сб ? 10.00-16.0 Вс ? 10.00-14.00";115404;До 30 кг 
Москва;MSK36;г. Москва, 3-й Автозаводский пр-д, д.4;Тел.: +7 (495) 133-72-46;"Пн-Пт ? 10.00-20.00 Сб   ? 10.00-16.0 Вс ? 10.00-14.00";115280 
Москва;MSK64;г. Москва, Каширское шоссе,  д.22, корп. 3 стр. 11;Тел: +7 (903) 970-99-41;"Пн-Пт - 10.00-20.00 Сб ? 10.00-16.0 Вс ? 10.00-14.00";115201 
Москва;MSK81;г.Москва, 6-я Кожуховская, д. 29-б, под. 3, оф. 22;Тел.: +7-495-600-92-40;"Пн-Пт ? 10.00-20.00 Сб   ? 10.00-16.0 Вс ? 10.00-14.00";115193 
Москва;MSK37;г. Москва, 6 рощинский пр, д.1, стр.4 ;Тел.: +7 (495) 532-56-60;"Пн-Пт ? 9.00-21.0 Сб, Вс ? 10.00-16.00";115191;До 50 кг 
Москва;MSK20;г. Москва, ул. Летниковская, д.4, стр.2;Тел.: +7-925-465-54-82, +7-(495) 665-81-09 ;"Пн-Пт ? 10.00-20.00 Сб   ? 10.00-16.0 Вс ? 10.00-14.00";115114;До 75 кг 
Москва;MSK76;г. Москва, ул. Большая Пионерская, д. 40/11;Тел.: +7-495-114-52-39;"Пн-Пт ? 10.00-20.00 Сб   ? 10.00-16.0 Вс ? 10.00-14.00";115054 
Москва;MSK52;Московская область, г. Москва, район Кожухово, ул. Дмитриевского, д.23;Тел.: +7 (977) 669-22-79;"Пн-Пт - 10.00-20.00 Сб ? 11.00-15.0 Вс - выходной день";111675 
Москва;MSK75;г. Москва, пр-т Федеральный, д. 29, оф. 201 Б;Тел.: +7-499-394-66-14, +7-499-394-67-11;"Пн-Пт ? 10.00-20.00 Сб   ? 10.00-16.0 Вс ? 10.00-14.00";111558 
Москва;MSK5;г. Москва, ул. Авиамоторная д. 69;Тел.: +7 (495) 287-70-67;"Пн-Пт ? 10.00-20.00 Сб   ? 10.00-16.0 Вс ? 10.00-14.00";111024 
Москва;MSK68;г. Москва, ул. Перерва, д. 19, стр.1 ;Тел.:+7-916-942-95-87,+7-499-356-92-27;"Пн-Пт ? 10.00-20.00 Сб   ? 10.00-16.0 Вс ? 10.00-14.00";109651 
Москва;MSK75;г. Москва, ул. Цимлянская, д. 20;Тел.: +7-499-380-73-60;"Пн-Пт ? 9.00-21.00 Сб   ? 10.00-16.0 Вс ? 10.00-14.00";109559 
Москва;MSK44;г. Москва, ул. Хлобыстова, д.12;Тел.: +7 (495) 969-52-68;"Пн-Пт ? 10.00-20.0 Сб ? 10.00-16.0 Вс ? 10.00-14.00";109542 
Москва;MSK12;г. Москва, ул. Зеленодольская, д.36, корп.2, оф.32;Тел.: +7-985-852-75-45 ;"Пн-Пт ? 10.00-20.00 Сб   ? 10.00-16.0 Вс ? 10.00-14.00";109457;До 30 кг 
Москва;MSK7;г.Москва, Мячковский б-р, д.11;Тел.: +7 495 162 89 22;"Пн-Пт ? 10.00-20.00 Сб   ? 10.00-16.0 Вс ? 10.00-14.00";109451;До 30 кг 
Москва;MSK59;г. Москва, ул. Гурьянова, д.30, цоколь;Тел. +7 (929) 962-83-00;"Пн-Пт - 10.00-20.00 Сб ? 10.00-16.0 Вс ? 10.00-14.00";109388 
Москва;MSK65;г. Москва, ул. Динамовская, д.1А, оф.110А;Тел: +7 925 357 88 26;"Пн-Пт - 10.00-20.00 Сб ? 10.00-16.0 Вс ? 10.00-14.00";109044 
Москва;MSK77;г. Москва, Товарищевский пер., д.1, стр. 2;Тел.: +7-495-767-43-39;"Пн-Пт ? 10.00-20.00 Сб   ? 10.00-18.0 Вс ? 10.00-17.00";109004 
Москва;MSK79;г. Москва, ул. Детская, д. 19;Тел.: +7-926-339-33-65, +7-499-390-87-37;"Пн-Пт ? 10.00-20.00 Сб   ? 10.00-16.0 Вс ? 10.00-14.00";107258 
Москва;MSK17;г.Москва, ул.Щелковское шоссе, д.29;Тел.: +7 (901) 757-85-06;"Пн-Пт ? 10.00-20.00 Сб   ? 10.00-16.0 Вс ? 10.00-14.00";107241;До 25 кг 
Москва;MSK28;г. Москва, пл.Комсомольская, д.6 отдельный вход с правого торца здания;Тел.: +7 (495) 2012104;"Пн-Пт ? 10.00-20.00 Сб   ? 10.00-16.0 Вс ? 10.00-14.00";107140 
Москва;MSK24;г. Москва, Девятая рота, д. 14 ;Тел.: +7 (495) 150-22-04;"Пн-Пт ? 10.00-20.00 Сб   ? 10.00-16.0 Вс ? 10.00-14.00";107061;До 75 кг 
Москва;MSK90;г. Москва, ул. 9-я Парковая, д.52, корп. 1;Тел.: +7-(985)-810-52-56;"Пн-Пт ? 10.00-20.00 Сб   ? 10.00-16.0 Вс ? 10.00-14.00";105264 
Москва;MSK2;г. Москва, ул. Сергия Радонежского, д. 31;Тел.: +7 (495) 287-70-67, +7 (925) 859-03-65;"Пн-Пт ? 10.00-20.00 Сб   ? 10.00-18.0 Вс ? 10.00-16.00";105120;До 70 кг 
Москва;MSK43;г. Москва, ул. Первомайская, д. 1, вход со двора;Тел. +7 (499) 530-31-47;"Пн-Пт ? 10.00-20.0 Сб ? 10.00-16.0 Вс ? 10.00-14.00";105037;До 40 кг 
Москва;MSK32;г. Москва, пер. Плетешковский, д.7-9, стр.1;Тел.: +7 (495) 410-53-49;"Пн-Пт ? 10.00-20.00 Сб   ? 10.00-18.0 Вс ? 10.00-17.00";105005;До 30 кг 
Москва;MSK16 ;г. Москва, Лучников пер., д.4, стр.2;Тел.: +7 (965) 399-85-21;"Пн-Пт - 10.00-20.00 Сб, Вс ? 10.00-18.00";101000;До 30 кг 
Московский (Москва);MOK1;г.Москва, Московский, 1-й микрорайон, д.52, оф.4;Тел.: +7 (495) 369-16-59;"Пн-Пт ? 10.00-19.00 Сб ? 10.00-16.0 Вс ? выходной";142784 
Мурманск;MUR3;г. Мурманск, ул. Самойлова, д.18;Тел.: +7 815 278 8770;"Пн-Пт ? 10.00-19.00 Сб ? 10.00-16.0 Вс ? выходной";183038 
Муром;MUR4;Владимирская область, г. Муром, ул. Московская, д. 12, вход со двора;Тел. +7 (49234) 22-0-90;"Пн-Пт ? 10.00-19.00 Сб ? 10.00-16.0 Вс ? выходной";602267 
Мытищи;MTSHCH1; г. Мытищи, ул. Трудовая, 22;Тел.: +7 (499) 499-48-76;"Пн-Пт ? 10.00-19.00 Сб ? 10.00-16.0 Вс ? выходной";141014 
Мытищи;MTW2;Московская область, г. Мытищи, ул. Колпакова д.9/2 ;Тел.: +7 (499) 347-48-76 ;"Пн-Пт ? 10.00-19.00 Сб ? 10.00-16.0 Вс ? выходной";141008 
Набережные Челны;NCHL7;Татарстан респ., г. Набережные Челны, пр.Московский, д. 70;Тел: +7 (8552) 291-90-60;"Пн-Пт ? 9.00-20.00 Сб ? 10.00-16.0 Вс ? 10.00-14.00";423823 
Набережные Челны;NCHL6;Татарстан респ., г. Набережные Челны, пр-кт Сююмбике, д. 61/2 (45/16), оф. 101;Тел.: +7 (855) 292-77-17;"Пн-Пт ? 9.00-19.00 Сб ? 10.00-16.0 Вс ? выходной";423822 
Набережные Челны;NCHL3;Татарстан респ., г. Набережные Челны, пр. Мира, д.35, оф.11/17;Тел.: +7 (950) 96-96-486;"Пн-Пт ? 8.00-20.00 Сб ? 10.00-16.0 Вс ? 10.00-14.00";423812 
Набережные Челны;NCHL4;Татарстан респ., г. Набережные Челны, пр. Мусы Джалиля, д.79/1, .11;Тел.: +7 (965) 626-30-35;"Пн-Пт ? 10.00-19.00 Сб ? 10.00-16.0 Вс ? выходной";423802;До 150 кг 
Надым;NDM4;Ямало-Ненецкий АО, г.Надым, Панель ?С?, здание ГКУ, оф.2;Тел: +7 (3499) 52-01-81, +7 (982) 161-06-13;"Пн-Пт ? 10:00-19:0 Сб, - 10.00-16.00 Вс ? выходной";629730 
Назарово;NZO1;Красноярский край, г. Назарово, ул. Парковая, д. 13 ?а?, оф. 5;Тел.: +7-913-536-86-86;"Пн-Пт ? 10.00-19.00 Сб ? 10.00-16.0 Вс ? выходной";662202 
Назрань;NZN1;Республика Ингушетия, г. Назрань, пр-т Базоркина, д. 102;Тел.: +7-732-220-00-07;"Пн-Пт ? 10.00-19.00 Сб ? 10.00-16.0 Вс ? выходной";386102 
Нальчик;NLCH2;г. Нальчик, ул. Мальбахова, д.77;Тел.: +7-928-910-07-69,+7 (8662) 75-04-63 ;"Пн-Пт - 9.00-18.00 Сб ? 10.00-16.0 Вс ? выходной";360016 
Наро-Фоминск;NFM2;Московская область, г.Наро-Фоминск, пл.Свободы, д.1А;Тел. +7 985 199 7007, +7 985 911 7007;"Пн-Пт ? 10.00-20.00 Сб-Вс ? 10.00-18.00";144300 
Нарьян-Мар;NRM2;г. Нарьян-Мар, ул. Полярная, д.16;Тел.: +7 (981) 555-16-16;"Пн-Пт ? 10.00-19.00 Сб ? 10.00-16.0 Вс ? выходной";166000 
Нахабино;NKHB1;Московская обл., г. Нахабино, ул. Вокзальная, д. 15;Тел.: +7-495-410-71-44, +7-915-250-01-41;"Пн-Пт ? 10.00-19.00 Сб ? 10.00-16.0 Вс ? выходной";143430 
Находка;NXD2;Приморский край, г. Находка ул. Красноармейская 19 ;Тел. 8(423)6697-070;"Пн-Пт - 8.00-19.00 Сб ? 10.00-16.0 Вс - выходной день";692922 
Невинномысск;NVM1;Ставропольский край, г.Невинномысск, ул.Павлова, д.4;Тел.: +7 (86554) 947-95;"Пн-Пт ? 10.00-19.00 Сб ? 10.00-16.0 Вс ? выходной";357108 
Нерюнгри;NRG2;г. Нерюнгри, пр. Ленина, д. 10, ТЦ Легион;Тел.: +7 (924) 899-42-99, +7 (41147) 94-299;"Пн-Пт ? 10.00-19.00 Сб ? 10.00-16.0 Вс ? выходной";678960 
Нефтекамск;NFK2;Башкортостан респ., г.Нефтекамск., ул. Социалистическая, дом 37, оф.2;Тел. +7 (34783) 4-40-04, +7 927-300-19-39 ;"Пн-Пт ? 10.00-19.00 Сб ? 10.00-16.0 Вс ? выходной";452680 
Нефтеюганск;NFYU3;Ханты-Мансийский АО, г. Нефтеюганск, 12 микрорайон, д. 63 (Бывшее Здание СНГБ);Тел.: +7 951 981 7729;"Пн-Пт ? 9.00-19.00 Сб ? 10.00-16.0 Вс ? выходной";628310 
Нижневартовск;NZHV2;Ханты-Мансийский АО, г.Нижневартовск, ул. Мира, д.96;Тел.: +7 (3466) 686-291;"Пн-Пт ? 10.00-19.00 Сб ? 10.00-16.0 Вс - выходной день";628624 
Нижневартовск;NZHV1;Ханты-Мансийский АО, г.Нижневартовск, ул. Маршала Жукова,  5, оф. 105 ;Тел. : +7 (3466) 50-35-67, +7 (912) 939-25-95;"Пн-Пт ? 9.00-19.00 Сб ? 10.00-16.0 Вс ? 10.00-14.00";628611 
Нижнекамск;NZHK1;Татарстан респ., г.Нижнекамск, ул. Сквер Лемаева, д. 8  оф. 101 ;Тел.: +7 (8555) 40?64-60, +7 (8555) 48-20-70;"Пн-Пт ? 9.00-19.00 Сб ? 10.00-16.0 Вс ? выходной";423570 
Нижний Новгород;NN3;г. Нижний Новгород, ул. Красных Зорь, д. 27;тел.: +7 (831) 268-05-39 ;"Пн-Пт ? 9.00-19.00 Сб ? 10.00-16.0 Вс ? 10.00-14.00";603157 
Нижний Новгород;NN6;г.Нижний Новгород, ул. Бекетова, д.35;Тел.: +7 (831) 280-97-53;"Пн-Пт ? 10.00-20.00 Сб ? 10.00-16.0 Вс ? 10.00-14.00";603146 
Нижний Новгород;NN10;г. Нижний Новгород, пр. Гагарина, д.101, к3;Тел.: +7 (831) 281-88-48;"Пн-Пт ? 10.00-20.00 Сб ? 10.00-16.0 Вс ? 10.00-14.00";603137 
Нижний Новгород;NN13;г.Нижний Новгород, пр-т Ленина, д. 41 ;Тел.: +7 -920-259-04-05;"Пн-Пт ? 10.00-20.00 Сб ? 10.00-16.0 Вс ? 10.00-14.00";603135 
Нижний Новгород;NN8;г. Нижний Новгород, ул. Гордеевская, д.7, оф.117;Тел.: (831) 215-05-09, (831)214-08-80;"Пн-Пт ? 10.00-20.00 Сб ? 10.00-16.0 Вс ? 10.00-14.00";603116 
Нижний Новгород;NN12;г. Нижний Новгород, Моторный пер., д.2;Тел. : +7 (831) 297-09-83;"Пн-Пт ? 10.00-20.00 Сб ? 10.00-16.0 Вс ? 10.00-14.00";603111 
Нижний Новгород;NN4;г. Нижний Новгород, ул. Родионова, д.26 ;Тел.: +7(831) 280-97-51 ;"Пн-Пт ? 10.00-20.00 Сб ? 10.00-16.0 Вс ? 10.00-14.00";603093 
Нижний Новгород;NN11;г. Нижний Новгород, ул. Бурнаковская, д.51А;Тел.: +7 (831) 283-40-33;"Пн-Пт ? 10.00-20.00 Сб ? 10.00-16.0 Вс ? 10.00-14.00";603074 
Нижний Новгород;NN5;г. Нижний Новгород, пр. Ленина, д.77;Тел.: +7 (831) 283-52-43, +7 (930) 283-52-43;"Пн-Пт ? 9.00-20.00 Сб ? 10.00-16.0 Вс ? 10.00-14.00";603064 
Нижний Новгород;NN2;г.Нижний Новгород, ул. Передовая, д.2А;Тел.: (831)282-13-62;"Пн-Пт ?8.00-21.00 Сб ? 10.00-20.0 Вс ? 10.00-20.00";603028 
Нижний Новгород;NN9;г. Нижний Новгород, ул.Ошарская, д.14;Тел.: +7 (831) 262-18-01, +7 (831) 262-18-31;"Пн-Пт ? 10.00-20.00 Сб ? 10.00-16.0 Вс ? 10.00-14.00";603006 
Нижний Тагил;NTG2;Свердловская область, г. Нижний Тагил, ул. Юности, д.16А;Тел.: +7 (3435) 96-12-26, +7 (963) 446-12-26, +7 (3435) 96-12-46, +7 (963) 446-12-46;"Пн-Пт ? 9.00-19.00 Сб ? 10.00-16.0 Вс - выходной день";622018 
Нижний Тагил;NTG3;Свердловская область, г. Нижний Тагил, ул. Красноармейская, д.79;Тел.: +7 343 596 10 94;"Пн-Пт ? 9.00-19.00 Сб ? 10.00-16.0 Вс - выходной день";622002 
Нижняя Тура;NTR1;Свердловская область, г. Нижняя Тура, ул. Ленина, д.121А;Тел.: +7 (992) 022-44-11;"Пн-Пт ? 10.00-19.00 Сб ? 10.00-16.0 Вс - выходной день";624220 
Новоалтайск;NVL1 ;Алтайский край, г. Новоалтайск, ул. Гагарина, 6 ;Тел.: +7 (38532) 2-60-13 ;"Пн-Пт ? 10.00-19.00 Сб ? 10.00-16.0 Вс - выходной день";658080 
Новокузнецк;NKZ1;г. Новокузнецк, ул. Кирова, д.109;Тел.: +7 (3843) 209-549 ;"Пн-Пт ? 9.00-20.00 Сб ? 10.00-16.0 Вс ? 10.00-14.00";654080 
Новокузнецк;NKZ2 ;г. Новокузнецк, ул. Металлургов, д. 38;Тел.: (3843) 92-02-24, +7-903-908-3311;"Пн-Пт ? 9.00-20.00 Сб ? 10.00-16.0 Вс ? 10.00-14.00";654080 
Новомосковск;NMS1 ;Тульская область, г. Новомосковск,  ул. Кирова, д.3;Тел.: +7 (910) 700-75-86, +7 (906) 535-02-95;"Пн-Пт - 10.00-19.00 Сб ? 10.00-16.0 Вс - выходной день";301650 
Новороссийск;NVR2;г. Новороссийск, ул. Дзержинского, д.154, оф.4, код домофона #4230;"Тел: +7 (9887) 699-544; +7 (9887) 700-113  ";"Пн-Пт ? 8.00-19.00 Сб ? 10.00-16.0 Вс - выходной день";353913 
Новороссийск;NVR4;г. Новороссийск, ул. Революции 1905 года, д. 35;Тел.: +7 -902-403-10-76, +7-918-718-04-05;"Пн-Пт ? 10.00-19.00 Сб ? 10.00-16.0 Вс - выходной день";353901 
Новосибирск;NSK19;г. Новосибирск, ул. Выборная, д.122;Тел.: +7 (383) 269-20-29;"Пн-Пт ? 10.00-20.00 Сб ? 10.00-16.0 Вс ? 10.00-14.00";630126 
Новосибирск;NSK25;г. Новосибирск, пр-кт Дзержинского, д.1/1, цоколь под Белорусскими кухнями;Тел.: +7 993 007 04 44;"Пн-Пт ? 10.00-20.00 Сб ? 10.00-16.0 Вс ? 10.00-14.00";630112 
Новосибирск;NSK13;г. Новосибирск, ул. Богдана Хмельницкого, д.63;Тел.: +7 (383) 277-24-77, +7 (383) 277-24-74;"Пн-Пт ? 10.00-20.00 Сб ? 10.00-16.0 Вс ? 10.00-14.00";630110 
Новосибирск;NSK18;г. Новосибирск, ул. Восход, д.1А, оф.210;Тел.: +7 (923) 150-39-93;"Пн-Пт ? 10.00-20.00 Сб ? 10.00-16.0 Вс ? 10.00-14.00";630102;До 30 кг 
Новосибирск;NSK2 ;г. Новосибирск,  Красный проспект д.25, оф.205; Тел.: +7 953 866 3077 ;"Пн-Пт ? 10.00-20.00 Сб ? 10.00-16.0 Вс ? 10.00-14.00";630099;До 30 кг 
Новосибирск;NSK24;г. Новосибирск, ул. Советская, д. 54;Тел. +7 (383) 299-34-29;"Пн-Пт ? 10.00-20.00 Сб ? 10.00-16.0 Вс ? 10.00-14.00";630091 
Новосибирск;NSK9;г. Новосибирск, Академгородок, ул. Ильича, д. 6 ;Тел.: +7(983)136-12-00;"Пн-Пт ? 10.00-20.00 Сб ? 10.00-16.0 Вс ? 10.00-14.00";630090 
Новосибирск;NSK12;г. Новосибирск, ул. Бориса Богаткова, д.203/1;Тел.: +7 (906) 194-60-80;"Пн-Пт ? 10.00-20.00 Сб ? 10.00-16.0 Вс ? 10.00-14.00";630089;До 30 кг 
Новосибирск;NSK7;г. Новосибирск, ул. Зорге, д.1а, оф.1;Тел.: +7 (923) 155-59-92 ;"Пн-Пт ? 10.00-20.00 Сб ? 10.00-16.0 Вс ? 10.00-14.00";630088 
Новосибирск;NSK35;г. Новосибирск, ул. Вавилова, д. 3, оф.2 ;Тел.: +7-958-854-26-45;"Пн-Пт ? 10.00-20.00 Сб ? 10.00-16.0 Вс ? 10.00-14.00";630082 
Новосибирск;NSK15;КАРЛА МАРКСА ПР-КТ, д.2, оф.212 , БЦ на Башне;Тел.: +7-909-529-2073 ;"Пн-Пт ? 10.00-20.00 Сб ? 10.00-16.0 Вс ? 10.00-14.00";630073;До 30 кг 
Новосибирск;NSK27;г. Новосибирск, пр-кт Дзержинского, д.34/1, оф.105;Тел.: +7 383 227 96 25;"Пн-Пт ? 10.00-20.00 Сб ? 10.00-16.0 Вс ? 10.00-14.00";630051 
Новосибирск;NSK22;г.Новосибирск, Красный пр., д. 79/3;Тел. +7 (952) 930-40-62;"Пн-Пт ? 10.00-20.00 Сб ? 10.00-16.0 Вс ? 10.00-14.00";630049 
Новосибирск;NSK5;г.Новосибирск, пр.Красный, д.99;Тел.: +7 (383) 207-57-70 ;"Пн-Пт ? 10.00-20.00 Сб ? 10.00-16.0 Вс ? 10.00-14.00";630049 
Новосибирск;NSK33;г. Новосибирск, ул. Дуси Ковальчук д. 179А, оф. 2;Тел.: +7-960-785-78-69;"Пн-Пт ? 10.00-20.00 Сб ? 10.00-16.0 Вс ? 10.00-14.00";630049 
Новосибирск;NSK28;г. Новосибирск, Гусинобродское шоссе, д.20;Тел. : +7 913 752 12 38;Пн-Вс ? 10.00-21.00 ;630039 
Новосибирск;NSK21;г. Новосибирск, ул. Героев Революции, д.5/2;Тел.: +7 (906) 994-51-58;"Пн-Пт ? 10.00-19.00 Сб ? 10.00-16.0 Вс ? 10.00-14.00";630037;До 30 кг 
Новосибирск;NSK23; г. Новосибирск, Горский микрорайон, д. 53;Тел. +7 (962) 842-17-18, +7 (913) 009-53-98;"Пн-Пт ? 10.00-20.00 Сб ? 10.00-16.0 Вс ? 10.00-14.00";630032;До 150 кг 
Новосибирск;NSK1;г. Новосибирск, ул. Кривощековская, д.15, корп. 5; +7 (383) 20-222-50 (многоканальный) ;"Пн-Пт ? 8.00-22.00 Сб-Вс ? 10.00-18.0 ";630007 
Новосибирск;NSK17;г. Новосибирск ,ул. Гоголя, д. 38;Тел. +7 (913) 713-41-11;"Пн-Пт ? 10.00-20.00 Сб-Вс ? 10.00-19.30";630007 
Новосибирск;NSK31;г. Новосибирск, ул. Мясниковой, д.20;Тел.: +7 383 319 62 30;"Пн-Пт ? 10.00-20.00 Сб ? 10.00-16.0 Вс ? 10.00-14.00";630006 
Новосибирск;NSK32;г. Новосибирск, ул. Фрунзе, д. 23;Тел.: +7-952-915-22-11;"Пн-Пт ? 10.00-20.00 Сб ? 10.00-16.0 Вс ? 10.00-14.00";630005 
Новосибирск;NSK11;г. Новосибирск, Вокзальная магистраль, д.3, крыльцо химчистки;Тел.:+7 (913) 472-37-79;"Пн-Пт ? 10.00-20.00 Сб ? 10.00-16.0 Вс ? 10:00-14:00";630004;До 30 кг 
Новоуральск;NUS1;Свердловская область, г. Новоуральск, ул. Фрунзе, д.5, оф.3;Тел.: +7 (34370) 7-50-95, 7-50-96;"Пн-Пт ? 10.00-19.00 Сб ? 10.00-16.0 Вс - выходной день";624130 
Новочебоксарск;NVCH1 ;Чувашия респ., г. Новочебоксарск, Ельниковский проезд, д. 2 ;Тел.: +7 (8352) 777-100, 677-678 ;"Пн-Пт ? 10.00-19.00 Сб ? 10.00-16.0 Вс - выходной день";429959 
Новочеркасск;NCHK2;Ростовская область, г. Новочеркасск, ул. Комитетская, д.116;Тел.: +7 (8635) 29-35-60;"Пн-Пт ? 10.00-19.00 Сб ? 10.00-16.0 Вс - выходной день";346400 
Новошахтинск;NVSH1;Ростовкая область, г. Новошахтинск, ул. Харьковская, д.113; Тел.: +7 (863) 209-87-45;"Пн-Пт ? 9.00-19.00 Сб ? 10.00-16.0 Вс - выходной день";346930 
Новый Уренгой;NUG3;Ямало-Ненецкий АО, г. Новый Уренгой, ул. 26 Съезд КПСС, д.4В (Дом Быта);Тел.: +7 9519817729;"Пн-Пт ? 9.00-19.00 Сб ? 10.00-16.0 Вс - выходной день";629300 
Новый Уренгой;NUG4;Ямало-Ненецкий АО, г. Новый Уренгой, ул. Промысловая, д.12, Торговые ряды;Тел.: +7 9519817729;"Пн-Пт ? 9.00-19.00 Сб ? 10.00-16.0 Вс - выходной день";629300 
Ногинск;NGN3;Московская область, г. Ногинск, Пожарный пер., д.1, вход с торца, перед въездом на плат.парковку;Тел.: +7 (499) 394-65-96;"Пн-Пт ? 9.00-19.00 Сб ? 10.00-16.0 Вс - выходной день";142400 
Норильск;NRS1;Красноярский край, г. Норильск, ул.Лауреатов, д.41;Тел.(3919) 34-34-34, 8 (913) 165-77-77 ;"Пн-Пт ? 10.00-19.00 Сб ? 10.00-16.0 Вс - выходной день";663305 
Норильск;NRS2;Красноярский край, г. Норильск, пр-т Ленинский, д. 35;Тел.: +73919343434, +73919223223;"Пн-Пт ? 10.00-19.00 Сб ? 10.00-16.0 Вс - выходной день";663302 
Ноябрьск;NBK3;Ямало-Ненецкий АО, г. Ноябрьск, ул. Энтузиастов, д.30 Г, 1 этаж;Тел.: 8-800-2222-089, 8 (3496) 45-01-81, 45-01-91 ;"Пн-Пт ? 10.00-19.00 Сб ? 10.00-16.0 Вс - выходной день";629800 
Нягань;NGG1;Ханты-Мансийский АО, г. Нягань, ул. Ленина, д.1, оф. 7;Тел.: 8(34672)7-07-50, 71-2-61;"Пн-Пт ? 10.00-19.00 Сб ? 10.00-16.0 Вс - выходной день";628181 
Обнинск;OBN2;Калужская область, г. Обнинск, ул. Гурьянова, д. 21, оф.105;Тел.: +7 (48439) 580-07, +7 (953) 463-09-81, +7 (910) 522-24-55 ;"Пн-Пт ? 10.00-19.00 Сб ? 10.00-16.0 Вс - выходной день";249038 
Одинцово;ODN3;Московская область, г. Одинцово, Можайское шоссе, д.13;Тел.: +7 (495) 599-73-43;"Пн-Пт ? 10.00-19.00 Сб ? 10.00-16.0 Вс - выходной день";121471 
Озерск;OSK1;Челябинская область, г. Озерск, пр.Карла Маркса, д.32, оф.87;Тел. +7 (919) 123-45-38;"Пн-Пт ? 10.00-19.00 Сб ? 10.00-16.0 Вс - выходной день";456780 
Октябрьский;OKT1;Башкортостан респ., г. Октябрьский, ул. Губкина, д.4;Тел.: +7 (987) 096-77-47;"Пн-Пт ? 10.00-19.00 Сб ? 10.00-16.0 Вс - выходной день";452614 
Омск;OMS3;г. Омск, ул. 5-й армии, д.6;Тел. +7 (3812) 66-62-01;"Пн-Пт ? 10.00-20.00 Сб ? 10.00-16.0 Вс ? 10.00-14.00";644122 
Омск;OMS10;г. Омск, пр.-т Комарова, д. 11, к 1;Тел.: +7 3812384797, +73812662360;"Пн-Пт ? 08.00-20.00 Сб ? 10.00-16.0 Вс - выходной день";644112 
Омск;OMS9;г. Омск, ул. Герцена, д 19;Тел.:  +7 913-149-49-44;"Пн-Пт ? 10.00-20.00 Сб ? 10.00-16.0 Вс ? 10.00-14.00";644043 
Омск;OMS7;г. Омск, пр. Мира, д.25;Тел.: +7 (3812) 90-15-34;"Пн-Пт ? 10.00-20.00 Сб ? 10.00-16.0 Вс ? 10.00-14.00";644029;До 30 кг 
Омск;OMS2;г. Омск, ул. Пушкина, д.137;Тел.: +7 (3812) 633-199;"Пн-Пт ? 10.00-20.00 Сб ? 10.00-16.0 Вс ? 10.00-14.00";644024 
Омск;OMS6;г. Омск, ул. Гагарина 8/2, оф. 111;Тел.: +7 (3812) 51-90-52,  +7 (913) 642-27-08;"Пн-Пт ? 10.00-20.00 Сб ? 10.00-16.0 Вс - выходной день";644024 
Омск;OMS4;г. Омск, ул. 10 лет Октября, д.136/1;Тел.: +7 (3812) 63-60-23 ;"Пн-Пт ? 10.00-20.00 Сб ? 10.00-16.0 Вс ? 10.00-14.00";644021 
Орел;ORL2;г. Орел, ул. 60 лет Октября, д. 17;Тел. : +7 (4862)30-30-40, +7-930-86-111-22 ;"Пн-Пт 9.00-19.00 Сб 10.00-16.0 Вс - выходной день";302040 
Оренбург;ORN1;г. Оренбург,ул. Восточная, д.42/6 ;Тел. +7 (3532) 90-10-50, 90-10-60 ;"Пн-Пт 10.00-20.00 Сб 10.00-16.0 Вс ? 10.00-14.00 ";460021 
Оренбург;ORN2;г. Оренбург,ул. Салмышская, д.34/5, оф.101 ;Тел.: +7-353-266-54-44;"Пн-Пт 9.30-20.00 Сб 10.00-16.0 Вс -10.00-14.00";460000 
Орехово-Зуево;ORX1 ;Московская область, г. Орехово-Зуево, 1-й проезд Дзержинского, д. 32 ;Тел.: +7 (499) 99-00-198 ;"Пн-Пт ? 9.00-19.00 Сб ? 10.00-16.0 Вс - выходной день";142603 
Орск;ORS1;Оренбургская область, г.Орск, проезд Металлургов 6А;Тел.: +7 (353 ) 729-91-11, +7 (353) 729-93-33;"Пн-Пт ? 9.00-19.00 Сб ? 10.00-16.0 Вс - выходной день";462401 
Островцы;OSTS1;Московская обл., г. Островцы, ул. Подмосковная, д.35;Тел.: +7 812 905 8728;"Пн-Пт ? 10.00-19.00 Сб ? 10.00-16.0 Вс - выходной день";140125 
Павловский Посад;PPS1;Московская обл., г.Павловский Посад, Большой железнодорожный проезд, д. 21/2, офис 2;Тел.+7 (985) 051-31-30;"Пн-Пт ? 10.00-19.00 Сб ? 10.00-16.0 Вс - выходной день";142500 
Пенза;PNZ1;г.Пенза, ул. Суворова, д.111, оф.115;Тел. + 7 963 109 4838, +7 841 268 5748, +7 841 268 4779;"Пн-Пт ? 10.00-19.00 Сб ? 10.00-16.0 Вс ? 10.00-14.00";440000 
Первоуральск;PVS1;Свердловская область, г. Первоуральск, пр-т Ильича, д.28г;Тел.: +7 (982) 736-09-49;"Пн-Пт ? 10.00-19.00 Сб ? 10.00-16.0 Вс - выходной день";623103 
Пермь;PRM2;г. Пермь, ул. Белинского, д. 49 ;Тел.: +7 (342) 255-42-13 ;"Пн-Пт ? 9.00-20.00 Сб ? 10.00-16.0 Вс ? 10.00-14.00";618419;До 40 кг 
Пермь;PRM3;г. Пермь, ул. Дружбы, д.26;Тел.: +7 800 222 3639;"Пн-Пт ? 10.00-20.00 Сб ? 10.00-16.0 Вс ? 10.00-14.00";614070 
Пермь;PRM6;г.Пермь, ул.Пушкина, д.116Б;Тел.:+7-950-442-22-31;"Пн-Пт ? 8.00-20.00 Сб ? 10.00-18.0 Вс ? 10.00-18.00";614068 
Пермь;PRM5;г.Пермь, ул.Докучаева, д. 33А, к.2;Тел.:+8-342-200-90-28;"Пн-Пт ? 8.00-20.00 Сб ? 10.00-18.0 Вс ? 10.00-18.00";614031 
Пермь;PRM4;г.Пермь, ул.Мира, д.9;Тел. +7 (342) 224-03-77;"Пн-Пт ? 9.00-20.00 Сб ? 10.00-16.0 Вс ? 10.00-14.00";614022 
Петергоф;PET2;Санкт-Петербург, Петергоф, ул. Константиновская, д.21;Тел.: +7 925 791 28 56;"Пн-Пт ? 10.00-19.00 Сб ? 10.00-16.0 Вс - выходной день";198510 
Петрозаводск;PTR2;г. Петрозаводск, пр-т первомайский, д. 15;Тел.: +7 (8142) 59-59-69, +7 (8142) 33-01-03;"Пн-Пт ? 9.00-19.00 Сб ? 10.00-16.0 Вс - выходной день";185035 
Петропавловск-Камчатский;PPK2; г. Петропавловск-Камчатский, ул. Бохняка, д.18 ;Тел.: +7 (4152) 30-78-78 ;"Пн-Пт ? 9.00-19.00 Сб ? 10.00-16.0 Вс - выходной день";683031 
Пограничный;PGN1;Приморский край, Пограничный, ул. Вокзальная, д 16;Тел. +7 (4234)527-600;"Пн-Пт ? 9.00-19.00 Сб ? 10.00-16.0 Вс - выходной день";692582 
Подольск;PLK3 ;Московская область, г. Подольск, ул. Вокзальная д. 1, пом. 1 ;Тел.: +7 (985) 765-88-58;"Пн-Пт ? 10.00-19.00 Сб ? 10.00-16.0 Вс - выходной день";142116 
Подольск;PLK3 ;Московская область, г. Подольск, Домодедовское ш., д. 10;Тел.: +7-495-142-00-18;"Пн-Пт ? 10.00-19.00 Сб ? 10.00-16.0 Вс - выходной день";142116 
Подольск;PLK2;Московская область, г. Подольск, ул. Проспект Ленина, д.146, оф. 101;Тел: +7 (495) 768 94 60, +7 (4967) 55 52 76, доб 157 ;"Пн-Пт ? 10.00-19.00 Сб ? 10.00-16.0 Вс - выходной день";142100 
Прокопьевск;PRK4;Кемеровская область, г. Прокопьевск, ул. Гагарина, д. 26/3;"Тел.: +7 (3846) 64-3738; +7 (906) 977-05-11";"Пн-Пт ? 10.00-19.00 Сб ? 10.00-16.0 Вс - выходной день";653033 
Псков;PSK2 ;г. Псков, ул. Народная, д.53А. ;Тел.: +7 (8112) 702-105 ;"Пн-Пт ? 10.00-19.00 Сб ? 10.00-16.0 Вс - выходной день";180016 
Псков;PSK1;г.Псков, ул. Л.Толстого, д.3, оф. 1014 (вход со двора) ;Тел. +7 (8112) 57-00-05 ;"Пн-Чт ? 10.00-19.00 Пт? 10.00-18.0 СБ? 10.00-16.00";180000 
Пушкино;PSHK1;Московская область, г. Пушкино, ул. Грибоедова, д.7;Тел.: +7 (977) 690-33-23;"Пн-Пт ? 10.00-19.00 Сб ? 10.00-16.0 Вс - выходной день";141207 
Пятигорск;PTG3;Ставропольский край, г. Пятигорск, ул. Ермолова, д.12а;Тел.: +7 (8793) 31-76-05, +7 (8793) 31-79-05 ;"Пн-Пт ? 10.00-19.00 Сб ? 10.00-16.0 Вс - выходной день";357500 
Пятигорск;PTG4;Ставропольский край, г. Пятигорск, ул. 295 Стрелковой дивизии, д.1а;Тел.: +7 (8793) 407-009, +7 989-788-04-05;"Пн-Пт ? 10.00-19.00 Сб ? 10.00-16.0 Вс - выходной день";357500 
Пятигорск;PTG2;Ставропольский край, г. Пятигорск, ул.Бунимовича, д. 7;Тел.+7 (989) 789-40-04, +7 (88793) 389-404;"Пн-Пт ? 10.00-19.00 Сб ? 10.00-16.0 Вс - выходной день";357500;До 50 кг 
Раменское;RMN2;Московская область, г. Раменское, ул. Крымская д.1, оф. 3;Тел.: +7 (495) 740-89-09;"Пн-Пт ? 10.00-19.00 Сб ? 10.00-16.0 Вс - выходной день";140103 
Рассказово;RSK1;Тамбовская область, г.Рассказово, ул. Советская, д.121Г;Тел. +7 (930) 473-04-11;"Пн-Пт ? 10.00-19.00 Сб ? 10.00-16.0 Вс - выходной день";393255 
Реутов;RTK2;Московская обл., г.Реутов, ул. Победы, д.2, корп. 1, оф.1;Тел. +7 495 960 8819;"Пн-Пт ? 10.00-19.00 Сб ? 10.00-16.0 Вс - выходной день";143966 
Ржев;RZHV1;Тверская обл. ул. Большая Спасская, д.29/64;Тел.: +7-482-326-01-71;"Пн-Пт ? 10.00-19.00 Сб ? 10.00-16.0 Вс - выходной день";172381 
Россошь;ROS1;г. Россошь, ул. Пролетарская, д. 148, оф.1 ;Тел.: +7-473-965-05-01;"Пн-Пт ? 10.00-19.00 Сб ? 10.00-16.0 Вс - выходной день";396655 
Ростов-на-Дону;RND6;г. Ростов-на-Дону, пр. Космонавтов, д.1;Тел.: +7 (863) 209-87-45, +7 (800) 350-04-05;"Пн-Пт ? 9.00-20.00 Сб ? 10.00-16.0 Вс ? 10.00-14.00";344092;До 30 кг 
Ростов-на-Дону;RND4;"г. Ростов-на-Дону, пр-т Стачки, д.175/2, ""Западный""";Тел.: +7(863) 209-87-45;"Пн-Пт ? 9.00-20.00 Сб ? 10.00-16.0 Вс ? 10.00-14.00";344058;До 30 кг 
Ростов-на-Дону;RND2;г. Ростов-на-Дону, ул. Менжинского, д.4г;Тел. +7 863 209 8085;"Пн-Пт ? 8.00-20.00 Сб ? 10.00-16.0 Вс ? 10.00-14.00";344038 
Ростов-на-Дону;RND5;г. Ростов-на-Дону, пр. Семашко, д. 117Д;Тел.: +7(863) 300-2000;"Пн-Пт - 9.00-18.00 Сб ? 9.00-14.0 Вс - выходной день";344018;До 30 кг 
Ростов-на-Дону;RND3;г. Ростов-на-Дону, ул. Лермонтовская, д.102, оф.5;Тел.: +7 (863) 291-06-75, +7  (863) 291-05-90;"Пн-Пт ? 9.00-20.00 Сб ? 10.00-18.0 Вс ? 10.00-14.00";344010 
Рубцовск;RBC2;Алтайский край, г. Рубцовск, ул. Октябрьская, д.104;Тел.: +7 (38557) 97-464 ;"Пн-Пт - 9.00-18.00 Сб ? 10.00-16.0 Вс - выходной день";658201 
Румянцево;MVR2;Московская область, Ленинский район, г. Румянцево, Киевское шоссе, 22-й км.,  д. 4, стр. 2, блок Г, оф.231/2;Тел.: +7(905) 510- 89- 84;"Пн-Пт ? 10.00-19.00 Сб ? 10.00-16.0 Вс - выходной день";142784 
Рыбинск;RBN1;Ярославская область, г. Рыбинск, пр-т Серова, д.1 ;Тел. +7-930-132-3810 ;"Пн-Пт ? 10.00-19.00 Сб ? 10.00-16.0 Вс - выходной день";152907 
Рязань;RZN6;г.Рязань, ул. Дзержинского, д.64/1;"Тел.: +7(953)745-33-66; +7(4912)52-02-02 ";"Пн-Пт ? 10.00-20.00 Сб ? 10.00-16.0 Вс ? 10.00-14.00";390005 
Рязань;RZN4;г. Рязань, пр-т Первомайский, д.9;Тел.: (4912) 284-284;"Пн-Пт ? 10.00-19.00 Сб ? 10.00-16.0 Вс - выходной день";390000 
Салават;SLT4;Башкортостан респ., г. Салават, бульвар Космонавтов, д .16;Тел.: +7 (3476)36-40-40;"Пн-Пт ? 10.00-19.00 Сб ? 10.00-16.0 Вс - выходной день";453261 
Салехард;SLX2 ;Ямало-Ненецкий АО, г. Салехард, ул. Республики, д.76 (ТЦ Мегаполис), оф.45 ;Тел.: +7 349 223 7333, +7 349 227 2333;"Пн-Пт ? 10.00-19.00 Сб ? 10.00-16.0 Вс ? выходной";629008 
Самара;SAM4;"г. Самара, ул. Ленинградская, д.17 вход через м-н ""Гастроном""";Тел.: +7 (846) 2000-628;"Пн-Пт ? 9.00-20.00 Сб ? 10.00-16.0 Вс ? 10.00-14.00";443099 
Самара;SAM2;г. Самара, ул. Клиническая,  д. 23, оф. 37;Тел.: 8 (846) 250-64-74 ;"Пн-Пт ? 9.00-20.00 Сб-Вс ? 10.00-16.0 ";443096 
Самара;SAM3;г. Самара, ул. Гагарина, д. 90;Тел.: +7-846-379-53-60;"Пн-Пт ? 9.00-20.00 Сб-Вс ? 10.00-18.00";443067 
Самара;SAM1;г.Самара, ул. Ново-Садовая, д.220А;Тел. +7 (846) 203-3-103, +7 (846) 221-85-85;Пн-Вс ? 8.00-20.00;443056 
Самара;SAM5;г. Самара, ул. Льва Толстого, д.123, оф. 102;Тел. +7 (846) 250-04-01;"Пн-Пт ? 10.00-20.00 Сб ? 10.00-16.0 Вс ? 10.00-14.00";443041 
Санкт-Петербург;SPB8;г.Санкт-Петербург, ул. Одоевского, д.28;Тел.: (812) 7080027;"Пн -Пт ? 9.00-21.00 Сб ? 10.00-19.0 Вс ? 10.00-19.00";199155 
Санкт-Петербург;SPB14;г. Санкт-Петербург, проспект Народного Ополчения, дом 10, литера А, 221Н (здание во  дворе дома);Тел. +7 (812) 374-75-04;"Пн-Пт ? 10.00-20.00 Сб ? 10.00-16.0 Вс ?выходной день";198216;До 30 кг 
Санкт-Петербург;SPB31;г. Санкт-Петербург, б-р Новаторов, д.67, корп. 2;Тел.: +7-900-630-58-08;"Пн-Пт ? 10.00-20.00 Сб ? 10.00-16.0 Вс ? 10.00-14.00";198215 
Санкт-Петербург;SPB18;г. Санкт-Петербург, ул.Кронштадтская, д.11;Тел.: +7 (812) 783-50-35;"Пн-Пт ? 9.00-21.00 Сб ? 10.00-16.0 Вс ? 10.00-14.00";198096 
Санкт-Петербург;SPB20; г. Санкт-Петербург, ул. Торфяная дорога, д. 2, корп. 1, лит. А;Тел. +7 (812) 708-01-37;Пн ?Вс - 11.00-21.00;197374 
Санкт-Петербург;SPB3;г. Санкт-Петербург, Коломяжский пр, д 28 корп 2, помещение 14-Н ;Тел.:+7(812)336-90-87;"Пн-Пт ? 9.00-21.00 Сб ? 10.00-19.0 Вс ? 10.00-19.00";197341;До 30 кг 
Санкт-Петербург;SPB26;г.Санкт-Петербург, Комендантский пр., д.4, корп.2, лит.А, Секция 001 МЦ КРУИЗ, вход со стороны м. Комендантский пр.;Тел. +7 (812) 374-74-24;"Пн-Пт ? 10.00-20.00 Сб ? 10.00-16.0 Вс ? 10.00-14.00";197227;До 30 кг 
Санкт-Петербург;SPB15;г. Санкт-Петербург, ул. Плуталова, д.8, лит.А;Тел.: +7 (812) 965-20-24;"Пн-Пт ? 10.00-20.00 Сб ? 10.00-16.0 Вс ?выходной день";197136 
Санкт-Петербург;SPB33;г. Санкт-Петербург, Московское шоссе, д.7, лит А, ТЦ Торговый дом ;Тел.: +7-812-988-31-58;"Пн-Пт ? 10.00-20.00 Сб ? 10.00-16.0 Вс ? 10.00-14.00";196158 
Санкт-Петербург;SPB24;г. Санкт-Петербург, пр-кт. Юрия Гагарина, д.2, ТЦ ?Благодатный? бесплатная парковка слева;Тел.: +7 (812) 935-12-00;"Пн-Пт ? 10.00-20.00 Сб ? 10.00-16.0 Вс ? 10.00-14.00";196105 
Санкт-Петербург;SPB4;г. Санкт-Петербург, ул.Кузнецовская, д.52, кор. 15А;Тел.: +7-812-320-95-00;Пн-Вс ? 00.00-24.00;196105 
Санкт-Петербург;SPB16;г. Санкт-Петербург, Московский пр., д. 216;Тел.: +7(812) 921-30-63;"Пн-Пт ? 9.00-20.00 Сб ? 10.00-16.0 Вс ? 10.00-14.00";196066 
Санкт-Петербург;SPB28;г. Санкт-Петербург, пр-кт Культуры, д. 19, помещение 21;Тел.: +7 (812) 906-41-56;"Пн-Пт ? 10.00-20.00 Сб ? 10.00-16.0 Вс ? 10.00-16.00";195274 
Санкт-Петербург;SPB9;г. Санкт-Петербург, Гражданский пр., д.84, литер А, пом 15Н;Тел.: +7 (812) 385-85-76;"Пн-Пт ? 10.00-21.00 Сб ? 10.00-16.0 Вс ? 10.00-14.00";195257 
Санкт-Петербург;SPB19;г. Санкт-Петербург, ул. Магнитогорская, д.55;Тел.: +7 (931) 978-07-08, +7 (981) 918-62-29;"Пн-Пт ? 10.00-19.00 Сб ? 10.00-16.0 Вс - выходной день";195248 
Санкт-Петербург;SPB30;г. Санкт-Петербург, ул. Комиссара Смирнова, д. 5/2, лит А, оф. 11-н;Тел.:+7-921-907-95-76;"Пн-Пт ? 10.00-20.00 Сб ? 10.00-16.0 Вс ? 10.00-16.00";195009 
Санкт-Петербург;SPB10;г. Санкт-Петербург, пр.Энгельса, д.137, пом.3Н;Тел.: +7 (812) 708-01-27;"Пн-Пт ? 9.00-21.00 Сб ? 10.00-19.0 Вс ? 10.00-19.00";194356 
Санкт-Петербург;SPB22;. Санкт-Петербург, Муринский 2-й пр., д.38А, ТЦ Клондайк 1 этаж 66 секция;Тел.: +7 (812) 646-87-26;"Пн-Пт ? 10.00-20.00 Сб ? 10.00-16.0 Вс ? 10.00-14.00";194021;До 80 кг 
Санкт-Петербург;SPB21;г. Санкт-Петербург, Балканская площадь, д.5, ТК ?Домострой?, секц. 22;Тел.: +7 (812) 947-70-27;"Пн-Пт ? 10.00-20.00 Сб ? 10.00-16.0 Вс ? 10.00-14.00";192281 
Санкт-Петербург;SPB27;г.Санкт-Петербург, ул. Белы куна, д.20, кор 1, оф.40;Тел. +7 812 915 6076, +7 812 915 6176;"Пн-Пт ? 10.00-20.00 Сб, Вс ? 10.00-16.00";192238 
Санкт-Петербург;SPB7;г.Санкт-Петербург, ул. Крыленко, д.21, корп.1, вход со двора;Тел.: +7 812 243 9001, +7 981 779 7202;"Пн-Пт ? 10.00-20.00 Сб ? 10.00-16.0 Вс ? выходной";192230;До 30 кг 
Санкт-Петербург;SPB23;г. Санкт-Петербург, ул.Полярников 12;Тел.: +7 996 788 1452, +7 996 788 1454;Пн-Вс ? 9.00-21.00;192171 
Санкт-Петербург;SPB17;г. Санкт-Петербург, пр-т Обуховской обороны, д.120, литер Б;Тел.: +7 812 409 5170, +7 952 095 6988;"Пн-Пт ? 9.00-21.00 Сб-Вс ? 10.00-18.00";192012 
Санкт-Петербург;SPB25;г.Санкт- Петербург, ул Чайковского, д.34, вход под арку;Тел. +7 (812) 684-000-2;"Пн-Пт ? 10.00-20.00 Сб, Вс ? 10.00-16.00";191123;До 30 кг 
Санкт-Петербург;SPB1;г. Санкт-Петербург, Лиговский пр-т, д.50, корп.13, оф.100а;Тел.: +7 (812) 320-95-00;Пн-Вс ? 8.00-21.00;191040;До 30 кг 
Санкт-Петербург;SPB11;г. Санкт-Петербург,ул.Ефимова, д.4А, оф.200;Тел.: +7 (812) 995-50-90;"Пн-Пт ? 10.00-20.00 Сб ? 10.00-16.0 Вс ? 10.00-14.00";190031 
Санкт-Петербург;SPB32;г. Санкт-Петербург, ул. Подольская, д.31 ;Тел.:  +7 (812)-317-85-61;"Пн-Пт ? 10.00-20.00 Сб ? 10.00-16.0 Вс ? 10.00-14.00";190013 
Саранск;SRK5;Мордовия респ., г.Саранск, ул. Терешковой, д. 16;Тел. +7 (961) 009-22-04;"Пн-Пт ? 10.00-19.00 Сб ? 10.00-16.0 Вс ?выходной";430016 
Саранск;SRK4;Мордовия респ., г.Саранск, ул. Короленко д.14;Тел. +7 (905) 009-64-95;"Пн-Пт ? 10.00-19.00 Сб ? 10.00-16.0 Вс ?выходной";430009 
Саранск;SRK3;Мордовия респ., г.Саранск, ул. Советская, д.109 А;Тел.: +7 (8342) 31-80-20, +7 (962) 596-80-20;"Пн-Пт ? 10.00-19.00 Сб ? 10.00-16.0 Вс - выходной день";430005 
Саратов;SAR1;г. Саратов, ул.3-я Дачная, дом 1, корпус 14;Тел.: +7 (8452) 47-54-75 ;"Пн-Пт ? 10.00-20.00 Сб ? 10.00-16.0 Вс ? 10.00-14.00";410065 
Саратов;SAR3;г. Саратов, ул. Бахметьевская, д.20/24;Тел.: +7 (8452) 531-300;"Пн-Пт ? 10.00-20.00 Сб ? 10.00-16.0 Вс ? 10.00-14.00";410056 
Саров;SAR2;Нижегородская область, г. Саров, ул. Куйбышева, д.11, оф.8;Тел.: 883130, 32732, +7-908-732-07-32 ;"Пн-Пт ? 10.00-19.00 Сб ? 10.00-16.0 Вс ? выходной";607190 
Севастополь;SVT6;Крым респ, г. Севастополь, проспект Генерала Острякова, д.144, офис А-27;Тел. +7 (978) 111-90-82;"Пн-Пт - 10.00-19.00 Сб ? 10.00-16.0 Вс - выходной день";299040 
Севастополь;SVT1 ;Крым респ., г. Севастополь, ул. Очаковцев, д. 34?А? ;Тел.: +7 978 903 37 77, +7 978 903 38 88;"Пн-Пт ? 8.00-19.00 Сб ? 10.00-16.0 Вс ? 10.00-14.00";299011 
Севастополь;SVT3;Крым респ., г. Севастополь, ул. Гоголя, 20 А ;Тел.: +7-978-100-05-45, +7-978-100-05-35 ;"Пн-Пт ? 9.00-19.00 Сб ? 9.00-16.0 Вс - выходной день";299011 
Севастополь;SVT4;Крым респ., г. Севастополь, ул. Пожарова, д.21/23;Тел.: +7 (978) 949-35-11;"Пн-Пт - 10.00-19.00 Сб ? 10.00-18.0 Вс - выходной день";299008;До 30 кг 
Северодвинск;SVK2;Архангельская область, г. Северодвинск, ул. Полярная, д.40;Тел.: +7-911-591-78-75;"Пн-Пт ? 10.00-19.00 Сб ? 9.00-16.0 Вс - выходной день";164500 
Северск;SVK1;Томская область, г. Северск, ул. Транспортная, д.30, оф. 104;Тел.: +7 (3823) 90-70-12, +7 (3823) 90-70-14 ;"Пн-Пт ? 10.00-19.00 Сб ? 10.00-16.0 Вс - выходной день";636000 
Сергиев Посад;SPD2;Московская область, г. Сергиев Посад,  ул. Болотная, д. 15;Тел. +7 (495) 764-68-06;"Пн-Пт - 10.00-19.00 Сб ? 10.00-16.0 Вс - выходной день";141313 
Серов;SRV5;Свердловская область, г. Серов, ул. Народная, д.50ж;Тел.: +7-922-0-348-348 ;"Пн-Пт ? 10.00-19.00 Сб ? 10.00-16.0 Вс - выходной день";624992 
Серпухов;SRP3;Московская область, г.Серпухов, ул.Ворошилова, д. 60;Тел: +7 (4967) 38-17-10, +7 (926) 095-19-25, +7 (929) 656-86-60;"Пн-Пт ? 9.00-19.00 Сб ? 10.00-16.0 Вс - выходной день";142200 
Сестрорецк;SST1;Санкт-Петербург, г.Сестрорецк, ул. Мосина, д.8А;Тел. +7 (812) 374-84-94 доб 110, +7 (931) 980-06-16;"Пн-Пт ? 10.00-20.00 Сб ? 10.00-16.0 Вс - выходной день";197706 
Симферополь;SMF5;Крым респ., г. Симферополь, ул. Киевская, д.89;Тел.: +7 (978) 133-21-41;"Пн-Пт - 10.00-19.00 Сб ? 10.00-16.0 Вс ? выходной";295053 
Симферополь;SMF1;Крым респ., г. Симферополь, ул. Желябова, 44А ;Тел.:  +7(978)760-14-07;"Пн-Пт ? 9.00-20.00 Сб ? 10.00-18.0 Вс - выходной день";295034 
Симферополь;SMF4;Крым респ., г. Симферополь, ул. Гурзуфская, д.8;Тел.: +7 (978) 774-71-02, +7 (978) 774-55-62;"Пн-Пт - 10.00-19.00 Сб ? 10.00-16.0 Вс ? выходной";295034;До 30 кг 
Симферополь;SMF3;Крым респ., г. Симферополь, ул. Севастопольская, д.112;Тел.: +7 (978) 000-11-65;"Пн-Пт ? 10.00-19.00 Сб ? 10.00-18.0 Вс - выходной день";295024 
Симферополь;SMF2;Крым респ., г. Симферополь, пр. Победы, д. 7 ;Тел.: +7 (978) 731-64-65;"Пн-Пт ? 10.00-19.00 Сб ? 10.00-16.0 Вс - выходной день";295017 
Славянск-на-Кубани;SKB1;Краснодарский край, г. Славянск-на-Кубани, ул. Ленина, д.38;Тел.: +7 (86146)4-12-30;"Пн-Пт - 9.00-19.00 Сб ? 9.00-16.0 Вс ? выходной";353560 
Смоленск;SML3;г. Смоленск, ул.Рыленкова, д. 61;Тел. (4812)56-78-09, + 7 (900) 22-50-331;"Пн-Пт ? 10.00-19.00 Сб ? 10.00-16.0 Вс ? выходной";214036 
Смоленск;SML2;"г. Смоленск, ул. Верхне Сенная, д. 4, оф. 116, около кафе ""7 слонов""";Тел. +7 (4812) 20-17-30 ;"Пн-Пт ? 10.00-19.00 Сб ? 10.00-16.0 Вс ? выходной";214000 
Снежинск;SNZH1;Челябинская область, г.Снежинск, ул.40 лет Октября, д.15, оф.5;Тел.: +7 (35146) 6-60-90, +7 (35146) 9-24-60 ;"Пн-Пт ? 10.00-19.00 Сб ? 10.00-16.0 Вс ? выходной";456770 
Советский;SVT5;"Ханты-Мансийский АО, г. Советский, мкр. Хвойный, д. 22, рядом с магазином ""Крепеж""";Тел.:  +7 (950) 517-43-48;"Пн-Пт ? 10.00-19.00 Сб ? 10.00-16.0 Вс ? выходной";628241 
Солнечногорск;SLG1;Московская область, г.Солнечногорск, ул.Лесная, д.13;Тел.: +7 (499) 653-61-41 доб. 26;"Пн-Пт ? 10.00-19.00 Сб ? 10.00-16.0 Вс ? выходной";141506 
Солнцево;SLN1 ;Московская область, г. Солнцево, ул. Главмосстроя, д.7;Тел.: +7 (905) 510-87-90 ;"Пн-Пт ? 10.00-19.00 Сб ? 10.00-16.0 Вс ? выходной";119618 
Сосновый Бор;SSB4;Ленинградская область, г. Сосновый Бор, пр.Героев д. 37А;Тел: +7 (964) 361- 66-30;"Пн-Пт ? 9.00-19.00 Сб ? 10.00-16.0 Вс ? 10.00-16.00";188542 
Сочи;SCH2;г. Сочи, ул. Молокова, д.44, оф.105;Тел.: +7 (862) 240-60-22 ;"Пн-Пт ? 10.00-19.00 Сб ? 10.00-16.0 Вс ? выходной";354340 
Сочи;SCH3;г. Сочи, ул. Павлова, д.40;Тел.:+7-988-236-82-73;"Пн-Пт ? 10.00-19.00 Сб ? 10.00-16.0 Вс ? 10.00-16.00";354217 
Сочи;SCH4;г. Сочи, ул. Водораздельная, д. 5/1;Тел.: +7-938-400-25-84, +7-938-400-25-86;"Пн-Пт ? 10.00-19.00 Сб ? 10.00-18.0 Вс ? 10.00-18.00";354002 
Сочи;SCH1;г. Сочи, ул.Пластунская, д.47А;Тел. (8622) 61-39-62, 37-43-19 ;"Пн-Пт ? 10.00-19.00 Сб ? 10.00-18.0 Вс ? 10.00-18.00";354000 
Ставрополь;STV5;г. Ставрополь, ул. 45 параллель, д. 31 ;Тел.: +7 (8652) 22-15-21, +7-928-321-17-05 ;"Пн-Пт ? 10.00-19.00 Сб ? 10.00-16.0 Вс ? выходной";355045 
Ставрополь;STV6;г. Ставрополь, ул. Мира, д.278д;Тел.: +7 (8652) 27-49-00;"Пн-Пт ? 10.00-19.00 Сб ? 10.00-16.0 Вс ? выходной";355035 
Старый Оскол;SOL2;Белгородская область,г. Старый Оскол,Архитектора Бутова, д. 12;"Тел: +7 (980) 372-77-99; +7 (915) 579-88-99";"Пн-Пт ? 9.00-20.00 Сб ? 10.00-16.0 Вс ? выходной";309508 
Старый Оскол;SOL1;Белгородская область,г. Старый Оскол, Квартал Дубрава, мкр. 3, д.31А, оф.12;Тел.: +7-910-329-10-19 ;"Пн-Пт ? 9.00-19.00 Сб ? 10.00-16.0 Вс ? 10.00-14.00";309502 
Стерлитамак;STR3;Башкортостан респ., г. Стерлитамак, ул. Мира, д.14;Тел: +7 917 467 0707;"Пн-Пт ? 10.00-19.00 Сб ? 10.00-16.0 Вс ? выходной";453115 
Стерлитамак;STR2;Башкортостан респ., г. Стерлитамак, ул. Ленина, д.44;Тел: +7 (3473) 30-93-30;"Пн-Пт ? 10.00-19.00 Сб ? 10.00-16.0 Вс ? выходной";453103 
Стерлитамак;STR1;Башкортостан респ., г. Стерлитамак, ул. Коммунистическая, д. 46 ;Тел: +7 (3473) 23-55-33 ;"Пн-Пт ? 10.00-19.00 Сб ? 10.00-16.0 Вс ? выходной";453100 
Стрежевой;STZH1;Томская область, г. Стрежевой, 4 микрорайон, ул. Ермакова, д.417;Тел.: (38259) 3-12-55;"Пн-Пт ? 10.00-19.00 Сб ? 10.00-16.0 Вс ? выходной";636780 
Ступино;STP2;Московская область, г. Ступино, ул. Горького, д.26, корп.Е;Тел.: +7 (985) 534-55-53;"Пн-Пт ? 10.00-19.00 Сб ? 10.00-16.0 Вс ? выходной";142802 
Судак;SDK1;Крым респ., г. Судак, ул. Ленина, д.78Б;"Тел.: +7 (978) 030-85-6 ";"Пн-Пт ? 9.00-19.00 Сб ? 10.00-16.0 Вс ? выходной";298000 
Сургут;SUR5;Ханты-Мансийский АО, г. Сургут, ул.Ленина, д. 35 ;Тел. +7 (3462) 44-21-31 ;"Пн-Пт ? 9.00-21.00 Сб ? 10.00-18.0 Вс ? 12.00-18.00";628416 
Сургут;SUR7;Ханты-Мансийский АО, г. Сургут, ул. 30 лет Победы, д.58, оф.8;Тел.: +7 (3462) 64-24-85;"Пн-Пт ? 10.00-19.00 Сб ? 10.00-16.0 Вс ? выходной";628406 
Сургут;SUR6;Ханты-Мансийский АО, г. Сургут, пр. Мира, д.22, оф. 16 (ТЦ  Кировский);Тел. +7 9519817729;"Пн-Пт ? 10.00-19.00 Сб ? 10.00-16.0 Вс ? выходной";628403 
Сызрань;SZR3;Самарская область, г. Сызрань, ул. Володарского, д.16, оф.2Б;Тел.: +7 846 433 52 02;"Пн-Пт ? 10.00-19.00 Сб ? 10.00-16.0 Вс ? выходной";446026 
Сыктывкар;SKT1;Коми респ., г.Сыктывкар, ул. Гаражная, д.9, оф. 106 ;Тел.: +7 (8212) 29-38-82 ;"Пн-Пт ? 10.00-19.00 Сб ? 10.00-16.0 Вс ? выходной";167000 
Таганрог;TGN3;Ростовская область, г.Таганрог, ул. Александровская, д.124;Тел.: +7 (8634) 431-003 ;"Пн-Пт - 9.00-19.00 Сб ? 10.00-16.0 Вс ? выходной";347935 
Таганрог;TGN4;Ростовская область, г.Таганрог, ул. Пархоменко, д. 56 ;Тел.: +7 928-617-14-68;"Пн-Пт ? 10.00-19.00 Сб ? 10.00-16.0 Вс ? выходной";347932 
Тамбов;TMB3;г. Тамбов, ул. Бебеля, д.18/ул. Совесткая, д.49;"Тел.: +7 (910) 650-43-20; +7 (910) 650-43-19";"Пн-Пт ? 10.00-19.00 Сб ? 10.00-16.0 Вс ? выходной";392002;До 30 кг 
Тамбов;TMB2;г.Тамбов, Моршанское Шоссе, д.17г;"Тел.: +7 (4752)49-44-94; 43-53-54";"Пн-Пт ? 10.00-19.00 Сб ? 10.00-16.0 Вс ? выходной";392000 
Тверь;TVR3;г.Тверь, ул.Симеоновская, д.39;Тел.: +7 (4822) 41-58-60, +7 (4822) 75-03-25 ;"Пн-Пт ? 9.00-19.00 Сб ? 10.00-16.0 Вс ? выходной";170100 
Тверь;TVR4;г. Тверь, ул. Коминтерна, д. 69;Тел. +7 (4822) 75-03-25;"Пн-Пт ? 9.00-19.00 Сб ? 10.00-16.0 Вс ? выходной";170002 
Темрюк;TMK1;Краснодарский край, г. Темрюк, ул. Ленина, д. 94;Тел.: +7-938-506-70-00;"Пн-Пт ? 10.00-19.00 Сб ? 10.00-16.0 Вс ? выходной";353500 
Тихвин;TXV3;Ленинградская область, г. Тихвин, 4 микрорайон, д.39А, оф.11;"Тел.: +7 (812) 984-70-03; +7 (962) 684-70-03 ";"Пн-Пт ? 9.00-19.00 Сб ? 10.00-16.0 Вс ? выходной";187556 
Тихорецк;TKHR1;Краснодарский край, г. Тихорецк, ул. Красноармейская, д.49/1;Тел.: +7 (929) 575-55-96;"Пн-Пт - 9.00-19.00 Сб ? 9.00-16.0 Вс ? выходной";352120 
Тобольск;TBL1;Тюменская область, г. Тобольск, ул. Семёна Ремезова, д.29;Тел.: +7 (3456) 27-17-14;"Пн-Пт ?10.00-19.00 Сб ? 10.00-16.0 Вс ? выходной";626152 
Тольятти;TLT6;г. Тольятти, ул.Транспортная, д. 19;Тел.: +7-848-263-48-31;"Пн-Пт ? 10.00-20.00 Сб ? 10.00-16.0 Вс ? 10.00-14.00";445043 
Тольятти;TLT4;г. Тольятти, ул. Свердлова, д. 13А;Тел.: +7 848 265 03 35;"Пн-Пт ? 8.00-20.00 Сб, Вс ? 9.00-16.00";445037 
Тольятти;TLT3;г. Тольятти, ул. 70 лет Октября, д. 31А, оф. 105;Тел.: +7 (8482) 616-525 ;"Пн-Пт ? 10.00-20.00 Сб ? 10.00-16.0 Вс ? 10.00-14.00";445030 
Тольятти;TLT2;г.Тольятти, ул.Ленина, д.44, корп. 3, офис 5 ;Тел.: +7 848 263 32 63, +7 848 265 03 75;"Пн-Пт ? 8.00-20.00 Сб, Вс ? 10.00-16.00";445022 
Тольятти;TLT5;г. Тольятти, ул. Карла Маркса, д.51;Тел. +7 (903) 333-80-37;"Пн-Пт ? 10.00-20.00 Сб ? 10.00-16.0 Вс ? 10.00-14.00";445011 
Томилино;TII1;Московская обл., п. Томилино, ул. Гаршина, д.11;Тел.: +7 929-575-55-97;"Пн-Пт ? 10.00-19.00 Сб ? 10.00-16.0 Вс ? выходной";140070 
Томск;TOM5;г. Томск, ул. 79 Гвардейской Дивизии, д.7Д;Тел.: +7 (3822) 32-10-63;"Пн-Пт ? 10.00-20.00 Сб ? 10.00-16.0 Вс ? 10.00-14.00";634057;До 30 кг 
Томск;TOM7;г. Томск, ул. Гагарина, д. 7 ;Тел.: +7-382-232-08-52;"Пн-Пт ? 10.00-20.00 Сб ? 10.00-16.0 Вс ? 10.00-14.00";634050 
Томск;TOM4;г. Томск, ул. 1-ая Рабочая, д.8;Тел.: +7 (3822) 60-90-80;"Пн-Пт ? 10.00-20.00 Сб ? 10.00-16.0 Вс ? 10.00-14.00";634049 
Томск;TOM9;г. Томск, ул. Красноармейская, д. 96;Тел.: +7-382-223-33-96;"Пн-Пт ? 10.00-20.00 Сб ? 10.00-16.0 Вс ? 10.00-14.00";634041 
Томск;TOM1;г.Томск, ул.Енисейская,37 оф.104, 105 ;Тел: +7 382 278 95 60;"Пн-Пт ? 8.00-20.00 Сб, Вс ? 10.00-18.00";634021 
Томск;TOM8;г. Томск, пер. Нахимова, д. 2;Тел.: +7-382-2256957;"Пн-Пт ? 10.00-20.00 Сб ? 10.00-16.0 Вс ? 10.00-14.00";634012 
Томск;TOM3;г. Томск, пр. Ленина, д.190/2, крыльцо Б, оф.2;Тел.: +7 (3822) 400-215, +7 (3822) 400-196;"Пн-Пт ? 10.00-20.00 Сб ? 10.00-16.0 Вс ? 10.00-14.00";634009;До 60 кг 
Троицк;TRC1;Московская область, г. Троицк, ул. Полковника милиции Курочкина, д.19;"Тел.: +7 905 510 86 62; +7 905 510 89 19";"Пн-Пт ? 10.00-19.00 Сб ? 10.00-16.0 Вс ? выходной";142191 
Туймазы;TMZ1;Башкортостан респ., г. Туймазы, ул. Пугачева, д.19Б, оф.4;Тел.: +7 (937) 497-32-20, +7 (917) 487-31-03;"Пн-Пт ? 10.00-19.00 Сб ? 10.00-16.0 Вс ? выходной";452750 
Тула;TUL4;г. Тула, пр. Ленина, д.85, оф.5  Торговая галерея, вход N°1 с торца здания;Тел.: 8 (4872) 255-295;"Пн-Пт ? 10.00-20.00 Сб ? 10.00-16.0 Вс ? 10.00-14.00";300012 
Тюмень;TYUM5;г. Тюмень, ул. Станислава Карнацевича, д.14;Тел.: +7 (3452) 5-33-22-5;"Пн-Пт - 10.00-20.00 Сб ? 10.00-16.0 Вс ? 10.00-14.00";625051 
Тюмень;TYUM6;г. Тюмень, ул. Малыгина, д.4;Тел.: +7 345 253 32 22;"Пн-Пт ? 9.00-20.00 Сб, Вс ? 10.00-16.00";625048 
Тюмень;TYUM2 ;г. Тюмень, ул. 50 Лет Октября, д. 8Б ;Тел.: +7 345 257 80 59;"Пн-Пт ? 10.00-20.00 Сб ? 10.00-16.0 Вс ? 10.00-14.00";625048 
Тюмень;TYUM4;г. Тюмень, ул. Мотостроителей, д.14, корп.1;Тел.: +7 (3452) 699-722;"Пн-Пт ? 10.00-20.00 Сб ? 10.00-16.0 Вс ? 10.00-14.00";625046 
Тюмень;TYUM6; г.Тюмень, ул. Котовского, д. 16;Тел.: +7 (950) 49-770-94;"Пн-Пт - 10.00-20.00 Сб ? 10.00-16.0 Вс ? 10.00-14.00";625026 
Тюмень;TYUM1;г. Тюмень, ул. Локомотивная, д.116;Тел.: +7 (3452) 56-09-99,доб. 7298;"Пн-Сб ? 9.00-20.00 Вс ? 10.00-17.00";625000 
Улан-Удэ;UU4;г.Улан-Удэ, ул. Ленина, д.49А, оф. 4;Тел.: +7 (3012) 21-04-34, +7 (902) 169-44-34;"Пн-Пт ? 10.00-19.00 Сб ? 10.00-16.0 Вс - выходные дни";670000 
Ульяновск;ULN4;г.Ульяновск, ул. Федерации, д.52;Тел.: (8422) 50-51-95;"Пн-Пт ? 8.00-20.00 Сб ? 10.00-16.0 Вс ? 10.00-14.00";432071 
Ульяновск;ULN6;г.Ульяновск, ул. Урицкого, д.23а;Тел.: +7-842-250-51-95;"Пн-Пт ? 10.00-20.00 Сб ? 10.00-16.0 Вс ? 10.00-14.00";432002 
Уссурийск;USS1;Приморский край, г.Уссурийск, ул. Краснознаменная, д.178Б, оф. 8 ;"Тел.: +7 423 202 51 02, +7 423 433 50 8 8-902-061-11-22 ";"Пн-Пт ? 9.00-18.00 Сб ? 10.00-16.0 Вс - выходные дни";692503 
Уфа;UFA6;г. Уфа, ул.Менделеева, д. 114А;Тел.: +73472662545, +7-927-236-25-45;"Пн-Пт ? 10.00-20.00 Сб ? 10.00-16.0 Вс ? 10.00-16.00";450106 
Уфа;UFA5;г. Уфа, ул.Маршала Жукова, д. 10, оф. 1141;Тел +7-347-257-70-07;"Пн-Пт ? 10.00-20.00 Сб ? 10.00-16.0 Вс ? 10.00-14.00";450105 
Уфа;UFA2;г. Уфа, ул.Революционная, 98/1 Блок А;Тел. +7 (347) 224-20-91 ;"Пн-Пт ? 8.00-20.00 Сб ? 10.00-16.0 Вс ? 10.00-14.00";450080 
Уфа;UFA4;г. Уфа, Проспект Октября. д.111;Тел.: +7 (347) 257-07-07;"Пн-Пт ? 10.00-20.00 Сб ? 10.00-16.0 Вс ? 10.00-14.00";450075 
Уфа;UFA7;г. Уфа, ул. Братье Кадомцевых, д. 8А, оф 100;Тел.: +7-347-299-92-45;"Пн-Пт ? 10.00-20.00 Сб ? 10.00-16.0 Вс ? 10.00-14.00";450059 
Уфа;UFA3;г.Уфа, ул. 50 лет Октября, д.16, оф.109, ост. Дом печати;Тел. +7 (347) 298-00-98, 8-987-098-00-98;"Пн-Пт ? 10.00-20.00 Сб ? 10.00-16.0 Вс ? 10.00-14.00";450005 
Уфа;UFA8;г. Уфа, ул. Кувыкина, д. 11 ;Тел.: +7347-246-67-99, +7-987-047-67-99;"Пн-Пт ? 10.00-20.00 Сб ? 10.00-16.0 Вс ? 10.00-14.00";450000 
Ухта;UXT1;Коми респ, г. Ухта, ул. Юбилейная, д.14, оф.40;Тел.: 8 821 674 76 44;"Пн-Пт ? 9.00-19.00 Сб ? 10.00-16.0 Вс - выходные дни ";169300 
Учалы;UCHL1;г. Учалы, ул. Башкортостана, д.7 ;Тел.:+7 (967) 750-04-05;"Пн-Пт ? 10.00-19.00 Сб ? 10.00-16.0 Вс - выходные дни";453700 
Феодосия;FDS1;Крым респ., г. Феодосия, ул.Куйбышева, д.31;Тел.: +7 (978) 069 37 40;"Пн-Пт ? 9.00-18.00 Сб ? 10.00-15.0 Вс - выходные дни ";298100 
Фрязино;FRN1;Московская область, г. Фрязино, ул. Советская, д.12 а;Тел.:903-291-67-49;"Пн-Пт ? 10.00-19.00 Сб ? 10.00-16.0 Вс - выходные дни";141190 
Хабаровск;KHAB1;г. Хабаровск, ул. Краснореченская, д. 111;Тел.: +7-421-269-00-52,+7-421-269-00-62;"Пн-Пт ? 10.00-20.00 Сб ? 10.00-16.0 Вс ? 10.00-14.00";680006 
Хабаровск;XAB1;г. Хабаровск, ул. Окружная, 8а;"Тел.: (4212)46-50-15, 46-50-16, 8-962-502-33-1 ";"Пн-Пт ? 9.00-20.00 Сб ? 10.00-16.0 Вс ? 10.00-14.00";680000;До 150 кг 
Хабаровск;XAB3;г. Хабаровск, ул. Карла Маркса, д.96А;Тел.: (4212)20-97-43;"Пн-Пт ? 10.00-20.00 Сб ? 10.00-16.0 Вс ? 10.00-14.00";680000 
Ханты-Мансийск;XMS2;г. Ханты-Мансийск, ул. Дунина-Горкавича, д. 15 ;Тел.: +7(3467) 322-311, +7-952-722-20-29;"Пн-Пт ? 9.00-19.00 Сб ? 9.00-16.0 Вс - выходные дни";628012 
Химки;KHMK2;Московская область, г. Химки ул. Энгельса, д. 7/15;Тел.: +7(925) 114-11-32;"Пн-Пт ? 10.00-19.00 Сб ? 10.00-16.0 Вс ? 10.00-16.00";141402 
Химки;KHMK1;Московская обл., г. Химки, ул. Спартаковская, д.11, оф.пом.43;Тел: +7 (495) 787-19-09;"Пн-Пт ? 9.00-21.00 Сб ? 10.00-16.0 Вс ? выходной";141401 
Химки;XMK2;Московская область, г. Химки ул. 9 Мая, павильон № 3;Тел.:+7 (499) 653-61-41 (доб.25);"Пн-Пт ? 10.00-19.00 Сб ? 10.00-16.0 Вс - выходные дни";141400 
Чайковский;CHKS1;Пермский край, г.Чайковский, ул.Вокзальная, д.7;Тел.: +7 (34241) 42-122, +7 (922) 324-30-20;"Пн-Пт ? 10.00-19.00 Сб ? 10.00-16.0 Вс - выходные дни";617763 
Чебоксары;CHBK1;г. Чебоксары, ул.Ильбекова, д.4 ;"Тел.: +7 (8352) 64-17-30; +7 (8352) 700-730; +7 (8352) 21-14-44, +7 (937) 958-16-16";"Пн-Пт ? 09.00-19.0 Сб ? 10.00-16.0 Вс ? выходной день";428003 
Челябинск;CHEL5;г. Челябинск, ул.Братьев Кашириных, д.119;Тел. +7 (351) 750-09-33, +7 (922) 750-09-33;"Пн-Пт ? 10.00-20.00 Сб ? 10.00-16.0 Вс ? 10.00-14.00";454136 
Челябинск;CHEL3;г. Челябинск, ул. Чичерина, д.13;Тел.: +7 (922) 750-42-41, +7 (351) 750-42-41;"Пн-Пт ? 10.00-20.00 Сб ? 10.00-16.0 Вс ? 10.00-14.00";454100 
Челябинск;CHEL11;г. Челябинск, ул. Пушкина, д.25;Тел.: +7 (950) 733-33-05;"Пн-Пт ? 10.00-20.00 Сб ? 10.00-16.0 Вс ? 10.00-14.00";454091 
Челябинск;CHEL1;г. Челябинск, пр.Ленина, д.17;Тел.: +7-351-225-01-84;"Пн-Пт ? 08.00-21.00 Сб, Вс ?10.00-18.0 ";454085 
Челябинск;CHEL4;г. Челябинск, ул. Сони Кривой, д.38, оф.16;Тел.: +7 (351) 200-35-56;"Пн-Пт ? 9.00-20.00 Сб-Вс ? 10.00-16.00";454080 
Челябинск;CHEL13;г. Челябинск, ул. Энгельса, д. 24;Тел.: +7-351-217-08-03;"Пн-Пт ? 10.00-20.00 Сб ? 10.00-16.0 Вс ? 10.00-14.00";454080 
Челябинск;CHEL12;г. Челябинск, ул. Троицкий тракт, д. 48Б, оф.16;Тел.: +7-351-200-36-56;"Пн-Пт ? 10.00-20.00 Сб ? 10.00-16.0 Вс ? 10.00-14.00";454053 
Челябинск;CHEL8;г. Челябинск, ул. 50-летия ВЛКСМ, д. 20;Тел.: +7 (951) 800-00-09;"Пн-Пт ? 10.00-20.00 Сб ? 10.00-16.0 Вс ? 10.00-14.00";454031;До 40 кг 
Челябинск;CHEL6;г. Челябинск,ул. Худякова, д. 6;Тел.: +7 (904) 305-85-00;"Пн-Пт ? 10.00-20.00 Сб ? 10.00-16.0 Вс ? 10.00-14.00";454020 
Челябинск;CHEL9;г. Челябинск, ул. Агалакова, д.23;Тел.: +7 (351) 200-35-56;"Пн-Пт ? 9.00-20.00 Сб ? 10.00-16.0 Вс ? 10.00-16.00";454010 
Челябинск;CHEL2;г. Челябинск, Свердловский проспект, д.28;"Тел.: +7 (351) 776-12-04; +7 (912) 326-82-67";"Пн-Пт ? 9.00-20.00 Сб ? 10.00-16.0 Вс ? 10.00-14.00";454008 
Челябинск;CHEL1;г. Челябинск, Проспект Ленина, д. 17;Тел. +7 (351) 225-01-84 ;"Пн-Пт ? 8.00-21.00 Сб-Вс ? 10.00-18.0 ";454007 
Череповец;CHRP2;Вологодская область, г.Череповец, Советский проспект, д. 4 ;Тел.: +7 (8202) 49-00-16, 49-00-17 ;"Пн-Пт ? 10.00-19.0 Сб ? 10.00-16.0 Вс ? выходной день";162602 
Черкесск;CHRK2;Карачаево-Черкесская респ., г. Черкесск, ул. Красноармейская, д.144 А, оф. 3-4;Тел.: +7 (8782) 20-82-56, +7 (989) 789-56-56;"Пн-Пт ? 9.00-18.00 Сб ? 10.00-16.0 Вс - выходной день";369000 
Чехов;CHXV1;Московская область, г.Чехов, ул. Ильича, д.39;Тел.: +7 (496) 726-92-27, +7 (977) 789-64-51, +7 (917) 550-31-63;"Пн-Пт ? 9.00-19.00 Сб ? 10.00-16.0 Вс - выходной день";142301 
Чита;CHT1;г.Чита, ул. Богомягкова, д.53, оф.3 ;Тел.: +7(3022)35-03-67, +7-914-498-0756 ;"Пн-Пт ? 10.00-19.00 Сб ? 10.00-16.0 Вс ? выходной день";672007 
Чита;CHT2;г. Чита, ул. Чкалова, д.124, оф.10;Тел.: +7 (3022) 21-06-16, +7 (924) 505-91-00;"Пн-Пт ? 9.00-19.00 Сб ? 10.00-16.0 Вс ? выходной день";672007;До 30 кг 
Чусовой;CHSV1 ;Пермский край, г. Чусовой, ул. Свердлова, д.4 ;Тел.: +7 (34256) 3-96-06;"Пн-Пт ? 9.00-19.00 Сб ? 10.00-16.0 Вс - выходной день";618200 
Шатура;SHAT1;Московская область, г. Шатура, ул. Траспортный проезд, д. 3;Тел.: +7-968-402-70-11;"Пн-Пт ? 10.00-19.00 Сб ? 10.00-16.0 Вс ? выходной";140700 
Шахты;SHXT1;Ростовская область, г. Шахты, ул. Советская, д.200;Тел.: +7 (8636) 23-65-75 ;"Пн-Пт ? 9.00-19.00 Сб ? 10.00-16.0 Вс - выходной день";346500 
Щелково;WLK1;Московская обл., г. Щелково, 1-й Советский пер., д.25, оф.101;Тел.: +7 (495) 789-45-99, +7 (929) 633-03-75;"Пн-Пт ? 10.00-19.00 Сб ? 10.00-16.0 Вс - выходной день";141100 
Щербинка;SHCHEB1;Московская область, г. Щербинка, ул. Железнодорожная, д. 26Б;Тел: +7 929-680-87-88;"Пн-Пт ? 09.00-21.00 Сб ? 10.00-20.0 Вс ? 10.00-20.00";108851 
Электросталь;EST1;г. Электросталь, ул. Горького, д.15;Тел.: +7 (925) 068-30-54;"Пн-Пт ? 10.00-19.00 Сб ? 10.00-16:0 Вс ? выходной";144002 
Элиста;YELT1;г. Элиста, ул. Пушкина, д.30;Тел.: + 7 961 395 69 49;"Пн-Пт ? 10.00-19.00 Сб ? 10.00-16.0 Вс - выходной день";358000;До 30 кг 
Энгельс;YENG1;Саратовская область, г.Энгельс, пр. Строителей, д.12;Тел.: +7 (8453) 75-77-26;"Пн-Пт ? 10.00-19.00 Сб ? 10.00-16.0 Вс - выходной день";413111 
Южно-Сахалинск;YUSX1;г. Южно-Сахалинск, пр-т Мира, д.95;Тел: +7 (4242)43-44-44, 8-914-756-22-34  ;"Пн-Пт ? 9.00-19.00 Сб ? 10.00-16.0 Вс - выходной день";693010;До 30 кг 
Южно-Сахалинск;YUSX2;г. Южно-Сахалинск, ул. Ленина, д.232;Тел.: +7 (4242) 39-28-59;"Пн-Пт ? 10.00-19.00 Сб ? 10.00-16.0 Вс - выходной день";693000 
Южноуральск;YUZHU1;Челябинская область, г. Южноуральск, ул. Советской армии, д.16;Тел.: +7 (834135) 4-73-59 ;"Пн-Пт ? 10.00-19.00 Сб ? 10.00-16.0 Вс - выходной день";457040 
Юрга;YURG1;Кемеровская область, г. Юрга, ул. Ленинградская, д.4, оф.22;Тел.: +7 (38451)3-88-53;"Пн-Пт ? 10.00-19.00 Сб ? 10.00-16.0 Вс - выходной день";652055 
Юрюзань;YURZ1;Челябинская область, г. Юрюзань, ул. Зайцева, д.8;Тел.: +7 (952) 507-92-51;"Пн-Пт ? 10.00-19.00 Сб ? 10.00-16.0 Вс - выходной день";456120 
Якутск;YAKT3;г.Якутск, ул. Дзержинского, д. 47;Тел.: +7 (4112) 42-02-80, +7 (9142) 75-85-70;"Пн-Пт ? 10.00-19.00 Сб ? 10.00-16.0 Вс - выходной день";677009 
Якутск;YAKT2;г. Якутск, ул. Чиряева, д.4;Тел.: +7 (4112) 423802, +7 (924) 867-65-48;"Пн-Пт ? 10.00-19.00 Сб ? 10.00-16.0 Вс - выходной день";677000 
Ялта;YALT1;Крым респ., г.Ялта, ул.Московская, д.33;Тел.: +7-978-022-90-60 ;"Пн-Пт ? 10.00-19.00 Сб ? 10.00-16.0 Вс - выходной день";298612 
Ярославль;YARS4;г. Ярославль, ул. Московский проспект, д.90;Тел.: +7 (4852) 44-05-25;"Пн-Пт ? 10.00-20.00 Сб ? 10.00-16.0 Вс ? 10.00-14.00";150030 
Ярославль;YARS5;г. Ярославль, ул. Республиканская, д.3, кор. 7;Тел.: +7 (4852) 67-95-92;"Пн-Пт ? 10.00-20.00 Сб ? 10.00-16.0 Вс ? 10.00-14.00 ";150003 
Ярославль;YARS2;г.Ярославль, ул.Большая Октябрьская, д.39/2;Тел. +7(4852) 23-04-60, +7(4852) 23-04-61;"Пн-Пт ? 10.00-20.00 Сб ? 10.00-16.0 Вс ? 10.00-14.00";150000 
Ярцево;YARTS1; Смоленская обл., г. Ярцево, ул. Советская, 20;Тел.: +7 920 310 08 07;"Пн-Пт ? 10.00-19.00 Сб ? 10.00-16.0 Вс - выходной день";215800 